-0.02905,0.02017,0.02017,0.02017,0.02017,0.02017,0.01955,0.01955,0.01955,0.01955,0.01955,0.01859,0.01859,0.01859,0.01859,0.01859,0.01855,0.01855,0.01855,0.01855,0.01855,0.01809,0.01809,0.01809,0.01809,0.01809,0.01682,0.01682,0.01682,0.01682,0.01682,0.01606,0.01606,0.01606,0.01606,0.01606,0.01585,0.01585,0.01585,0.01585,0.01585,0.01557,0.01557,0.01557,0.01557,0.01557,0.01510,0.01510,0.01510,0.01510,0.01510,0.01515,0.01515,0.01515,0.01515,0.01515,0.01491,0.01491,0.01491,0.01491,0.01491,0.01424,0.01424,0.01424,0.01424,0.01424,0.01357,0.01357,0.01357,0.01357,0.01357,0.01323,0.01323,0.01323,0.01323,0.01323,0.01292,0.01292,0.01292,0.01292,0.01292,0.01292
-0.06308,0.02910,0.02910,0.02910,0.02910,0.02910,0.02766,0.02766,0.02766,0.02766,0.02766,0.02563,0.02563,0.02563,0.02563,0.02563,0.02359,0.02359,0.02359,0.02359,0.02359,0.02102,0.02102,0.02102,0.02102,0.02102,0.01863,0.01863,0.01863,0.01863,0.01863,0.01718,0.01718,0.01718,0.01718,0.01718,0.01723,0.01723,0.01723,0.01723,0.01723,0.01792,0.01792,0.01792,0.01792,0.01792,0.01655,0.01655,0.01655,0.01655,0.01655,0.01537,0.01537,0.01537,0.01537,0.01537,0.01526,0.01526,0.01526,0.01526,0.01526,0.01505,0.01505,0.01505,0.01505,0.01505,0.01480,0.01480,0.01480,0.01480,0.01480,0.01411,0.01411,0.01411,0.01411,0.01411,0.01334,0.01334,0.01334,0.01334,0.01334,0.01334
-0.03569,0.01035,0.01035,0.01035,0.01035,0.01035,0.01120,0.01120,0.01120,0.01120,0.01120,0.00331,0.00331,0.00331,0.00331,0.00331,0.00549,0.00549,0.00549,0.00549,0.00549,0.00897,0.00897,0.00897,0.00897,0.00897,0.01126,0.01126,0.01126,0.01126,0.01126,0.01364,0.01364,0.01364,0.01364,0.01364,0.01682,0.01682,0.01682,0.01682,0.01682,0.01991,0.01991,0.01991,0.01991,0.01991,0.02009,0.02009,0.02009,0.02009,0.02009,0.01838,0.01838,0.01838,0.01838,0.01838,0.01798,0.01798,0.01798,0.01798,0.01798,0.01804,0.01804,0.01804,0.01804,0.01804,0.01840,0.01840,0.01840,0.01840,0.01840,0.01827,0.01827,0.01827,0.01827,0.01827,0.01752,0.01752,0.01752,0.01752,0.01752,0.01752
0.03154,0.04387,0.04387,0.04387,0.04387,0.04387,0.03829,0.03829,0.03829,0.03829,0.03829,0.03410,0.03410,0.03410,0.03410,0.03410,0.03331,0.03331,0.03331,0.03331,0.03331,0.03213,0.03213,0.03213,0.03213,0.03213,0.03096,0.03096,0.03096,0.03096,0.03096,0.03023,0.03023,0.03023,0.03023,0.03023,0.02967,0.02967,0.02967,0.02967,0.02967,0.02872,0.02872,0.02872,0.02872,0.02872,0.02774,0.02774,0.02774,0.02774,0.02774,0.02686,0.02686,0.02686,0.02686,0.02686,0.02553,0.02553,0.02553,0.02553,0.02553,0.02425,0.02425,0.02425,0.02425,0.02425,0.02307,0.02307,0.02307,0.02307,0.02307,0.02204,0.02204,0.02204,0.02204,0.02204,0.02097,0.02097,0.02097,0.02097,0.02097,0.02097
-0.00747,0.02943,0.02943,0.02943,0.02943,0.02943,0.02530,0.02530,0.02530,0.02530,0.02530,0.02226,0.02226,0.02226,0.02226,0.02226,0.01896,0.01896,0.01896,0.01896,0.01896,0.01566,0.01566,0.01566,0.01566,0.01566,0.01315,0.01315,0.01315,0.01315,0.01315,0.01283,0.01283,0.01283,0.01283,0.01283,0.01409,0.01409,0.01409,0.01409,0.01409,0.01448,0.01448,0.01448,0.01448,0.01448,0.01346,0.01346,0.01346,0.01346,0.01346,0.01184,0.01184,0.01184,0.01184,0.01184,0.01077,0.01077,0.01077,0.01077,0.01077,0.01047,0.01047,0.01047,0.01047,0.01047,0.01046,0.01046,0.01046,0.01046,0.01046,0.01036,0.01036,0.01036,0.01036,0.01036,0.00993,0.00993,0.00993,0.00993,0.00993,0.00993
0.01660,0.02620,0.02620,0.02620,0.02620,0.02620,0.02919,0.02919,0.02919,0.02919,0.02919,0.03042,0.03042,0.03042,0.03042,0.03042,0.03339,0.03339,0.03339,0.03339,0.03339,0.03544,0.03544,0.03544,0.03544,0.03544,0.03674,0.03674,0.03674,0.03674,0.03674,0.03742,0.03742,0.03742,0.03742,0.03742,0.03741,0.03741,0.03741,0.03741,0.03741,0.03679,0.03679,0.03679,0.03679,0.03679,0.03585,0.03585,0.03585,0.03585,0.03585,0.03436,0.03436,0.03436,0.03436,0.03436,0.03311,0.03311,0.03311,0.03311,0.03311,0.03187,0.03187,0.03187,0.03187,0.03187,0.03061,0.03061,0.03061,0.03061,0.03061,0.02935,0.02935,0.02935,0.02935,0.02935,0.02792,0.02792,0.02792,0.02792,0.02792,0.02792
-0.06391,0.03333,0.03333,0.03333,0.03333,0.03333,0.03253,0.03253,0.03253,0.03253,0.03253,0.03080,0.03080,0.03080,0.03080,0.03080,0.03037,0.03037,0.03037,0.03037,0.03037,0.02991,0.02991,0.02991,0.02991,0.02991,0.02905,0.02905,0.02905,0.02905,0.02905,0.02824,0.02824,0.02824,0.02824,0.02824,0.02715,0.02715,0.02715,0.02715,0.02715,0.02604,0.02604,0.02604,0.02604,0.02604,0.02480,0.02480,0.02480,0.02480,0.02480,0.02371,0.02371,0.02371,0.02371,0.02371,0.02270,0.02270,0.02270,0.02270,0.02270,0.02148,0.02148,0.02148,0.02148,0.02148,0.02022,0.02022,0.02022,0.02022,0.02022,0.01907,0.01907,0.01907,0.01907,0.01907,0.01805,0.01805,0.01805,0.01805,0.01805,0.01805
-0.03403,0.02192,0.02192,0.02192,0.02192,0.02192,0.01809,0.01809,0.01809,0.01809,0.01809,0.01577,0.01577,0.01577,0.01577,0.01577,0.01527,0.01527,0.01527,0.01527,0.01527,0.01464,0.01464,0.01464,0.01464,0.01464,0.01405,0.01405,0.01405,0.01405,0.01405,0.01421,0.01421,0.01421,0.01421,0.01421,0.01421,0.01421,0.01421,0.01421,0.01421,0.01379,0.01379,0.01379,0.01379,0.01379,0.01365,0.01365,0.01365,0.01365,0.01365,0.01396,0.01396,0.01396,0.01396,0.01396,0.01371,0.01371,0.01371,0.01371,0.01371,0.01346,0.01346,0.01346,0.01346,0.01346,0.01328,0.01328,0.01328,0.01328,0.01328,0.01319,0.01319,0.01319,0.01319,0.01319,0.01307,0.01307,0.01307,0.01307,0.01307,0.01307
0.00664,0.03432,0.03432,0.03432,0.03432,0.03432,0.03427,0.03427,0.03427,0.03427,0.03427,0.03390,0.03390,0.03390,0.03390,0.03390,0.03584,0.03584,0.03584,0.03584,0.03584,0.03750,0.03750,0.03750,0.03750,0.03750,0.03824,0.03824,0.03824,0.03824,0.03824,0.03837,0.03837,0.03837,0.03837,0.03837,0.03787,0.03787,0.03787,0.03787,0.03787,0.03706,0.03706,0.03706,0.03706,0.03706,0.03574,0.03574,0.03574,0.03574,0.03574,0.03424,0.03424,0.03424,0.03424,0.03424,0.03247,0.03247,0.03247,0.03247,0.03247,0.03073,0.03073,0.03073,0.03073,0.03073,0.02898,0.02898,0.02898,0.02898,0.02898,0.02730,0.02730,0.02730,0.02730,0.02730,0.02573,0.02573,0.02573,0.02573,0.02573,0.02573
-0.02905,0.04226,0.04226,0.04226,0.04226,0.04226,0.03659,0.03659,0.03659,0.03659,0.03659,0.03217,0.03217,0.03217,0.03217,0.03217,0.03148,0.03148,0.03148,0.03148,0.03148,0.03098,0.03098,0.03098,0.03098,0.03098,0.02918,0.02918,0.02918,0.02918,0.02918,0.02863,0.02863,0.02863,0.02863,0.02863,0.02751,0.02751,0.02751,0.02751,0.02751,0.02735,0.02735,0.02735,0.02735,0.02735,0.02687,0.02687,0.02687,0.02687,0.02687,0.02593,0.02593,0.02593,0.02593,0.02593,0.02488,0.02488,0.02488,0.02488,0.02488,0.02392,0.02392,0.02392,0.02392,0.02392,0.02331,0.02331,0.02331,0.02331,0.02331,0.02258,0.02258,0.02258,0.02258,0.02258,0.02175,0.02175,0.02175,0.02175,0.02175,0.02175
-0.02324,0.03500,0.03500,0.03500,0.03500,0.03500,0.03610,0.03610,0.03610,0.03610,0.03610,0.03494,0.03494,0.03494,0.03494,0.03494,0.03493,0.03493,0.03493,0.03493,0.03493,0.03461,0.03461,0.03461,0.03461,0.03461,0.03392,0.03392,0.03392,0.03392,0.03392,0.03317,0.03317,0.03317,0.03317,0.03317,0.03234,0.03234,0.03234,0.03234,0.03234,0.03118,0.03118,0.03118,0.03118,0.03118,0.02961,0.02961,0.02961,0.02961,0.02961,0.02796,0.02796,0.02796,0.02796,0.02796,0.02676,0.02676,0.02676,0.02676,0.02676,0.02564,0.02564,0.02564,0.02564,0.02564,0.02459,0.02459,0.02459,0.02459,0.02459,0.02328,0.02328,0.02328,0.02328,0.02328,0.02209,0.02209,0.02209,0.02209,0.02209,0.02209
0.01909,0.04889,0.04889,0.04889,0.04889,0.04889,0.03601,0.03601,0.03601,0.03601,0.03601,0.02671,0.02671,0.02671,0.02671,0.02671,0.02240,0.02240,0.02240,0.02240,0.02240,0.01958,0.01958,0.01958,0.01958,0.01958,0.01643,0.01643,0.01643,0.01643,0.01643,0.01380,0.01380,0.01380,0.01380,0.01380,0.01305,0.01305,0.01305,0.01305,0.01305,0.01227,0.01227,0.01227,0.01227,0.01227,0.01152,0.01152,0.01152,0.01152,0.01152,0.01061,0.01061,0.01061,0.01061,0.01061,0.01040,0.01040,0.01040,0.01040,0.01040,0.00983,0.00983,0.00983,0.00983,0.00983,0.00939,0.00939,0.00939,0.00939,0.00939,0.00891,0.00891,0.00891,0.00891,0.00891,0.00850,0.00850,0.00850,0.00850,0.00850,0.00850
-0.05644,0.01775,0.01775,0.01775,0.01775,0.01775,0.01962,0.01962,0.01962,0.01962,0.01962,0.01978,0.01978,0.01978,0.01978,0.01978,0.02009,0.02009,0.02009,0.02009,0.02009,0.01978,0.01978,0.01978,0.01978,0.01978,0.01959,0.01959,0.01959,0.01959,0.01959,0.01940,0.01940,0.01940,0.01940,0.01940,0.01901,0.01901,0.01901,0.01901,0.01901,0.01878,0.01878,0.01878,0.01878,0.01878,0.01832,0.01832,0.01832,0.01832,0.01832,0.01772,0.01772,0.01772,0.01772,0.01772,0.01730,0.01730,0.01730,0.01730,0.01730,0.01674,0.01674,0.01674,0.01674,0.01674,0.01601,0.01601,0.01601,0.01601,0.01601,0.01532,0.01532,0.01532,0.01532,0.01532,0.01465,0.01465,0.01465,0.01465,0.01465,0.01465
0.01909,0.06240,0.06240,0.06240,0.06240,0.06240,0.05871,0.05871,0.05871,0.05871,0.05871,0.05162,0.05162,0.05162,0.05162,0.05162,0.04663,0.04663,0.04663,0.04663,0.04663,0.04277,0.04277,0.04277,0.04277,0.04277,0.03882,0.03882,0.03882,0.03882,0.03882,0.03589,0.03589,0.03589,0.03589,0.03589,0.03306,0.03306,0.03306,0.03306,0.03306,0.03037,0.03037,0.03037,0.03037,0.03037,0.02810,0.02810,0.02810,0.02810,0.02810,0.02608,0.02608,0.02608,0.02608,0.02608,0.02441,0.02441,0.02441,0.02441,0.02441,0.02300,0.02300,0.02300,0.02300,0.02300,0.02149,0.02149,0.02149,0.02149,0.02149,0.02013,0.02013,0.02013,0.02013,0.02013,0.01868,0.01868,0.01868,0.01868,0.01868,0.01868
0.02988,0.03575,0.03575,0.03575,0.03575,0.03575,0.03404,0.03404,0.03404,0.03404,0.03404,0.03208,0.03208,0.03208,0.03208,0.03208,0.03007,0.03007,0.03007,0.03007,0.03007,0.02743,0.02743,0.02743,0.02743,0.02743,0.02508,0.02508,0.02508,0.02508,0.02508,0.02367,0.02367,0.02367,0.02367,0.02367,0.02253,0.02253,0.02253,0.02253,0.02253,0.02117,0.02117,0.02117,0.02117,0.02117,0.01972,0.01972,0.01972,0.01972,0.01972,0.01850,0.01850,0.01850,0.01850,0.01850,0.01739,0.01739,0.01739,0.01739,0.01739,0.01656,0.01656,0.01656,0.01656,0.01656,0.01576,0.01576,0.01576,0.01576,0.01576,0.01503,0.01503,0.01503,0.01503,0.01503,0.01417,0.01417,0.01417,0.01417,0.01417,0.01417
-0.07138,0.02045,0.02045,0.02045,0.02045,0.02045,0.02140,0.02140,0.02140,0.02140,0.02140,0.02162,0.02162,0.02162,0.02162,0.02162,0.02263,0.02263,0.02263,0.02263,0.02263,0.02314,0.02314,0.02314,0.02314,0.02314,0.02303,0.02303,0.02303,0.02303,0.02303,0.02263,0.02263,0.02263,0.02263,0.02263,0.02188,0.02188,0.02188,0.02188,0.02188,0.02152,0.02152,0.02152,0.02152,0.02152,0.02158,0.02158,0.02158,0.02158,0.02158,0.02112,0.02112,0.02112,0.02112,0.02112,0.02034,0.02034,0.02034,0.02034,0.02034,0.01957,0.01957,0.01957,0.01957,0.01957,0.01894,0.01894,0.01894,0.01894,0.01894,0.01831,0.01831,0.01831,0.01831,0.01831,0.01753,0.01753,0.01753,0.01753,0.01753,0.01753
0.05063,0.03525,0.03525,0.03525,0.03525,0.03525,0.03673,0.03673,0.03673,0.03673,0.03673,0.03692,0.03692,0.03692,0.03692,0.03692,0.03960,0.03960,0.03960,0.03960,0.03960,0.04084,0.04084,0.04084,0.04084,0.04084,0.04079,0.04079,0.04079,0.04079,0.04079,0.03998,0.03998,0.03998,0.03998,0.03998,0.03887,0.03887,0.03887,0.03887,0.03887,0.03785,0.03785,0.03785,0.03785,0.03785,0.03674,0.03674,0.03674,0.03674,0.03674,0.03549,0.03549,0.03549,0.03549,0.03549,0.03387,0.03387,0.03387,0.03387,0.03387,0.03210,0.03210,0.03210,0.03210,0.03210,0.03049,0.03049,0.03049,0.03049,0.03049,0.02893,0.02893,0.02893,0.02893,0.02893,0.02757,0.02757,0.02757,0.02757,0.02757,0.02757
0.00747,0.03896,0.03896,0.03896,0.03896,0.03896,0.03602,0.03602,0.03602,0.03602,0.03602,0.03368,0.03368,0.03368,0.03368,0.03368,0.03339,0.03339,0.03339,0.03339,0.03339,0.03319,0.03319,0.03319,0.03319,0.03319,0.03288,0.03288,0.03288,0.03288,0.03288,0.03286,0.03286,0.03286,0.03286,0.03286,0.03236,0.03236,0.03236,0.03236,0.03236,0.03141,0.03141,0.03141,0.03141,0.03141,0.03005,0.03005,0.03005,0.03005,0.03005,0.02840,0.02840,0.02840,0.02840,0.02840,0.02701,0.02701,0.02701,0.02701,0.02701,0.02563,0.02563,0.02563,0.02563,0.02563,0.02437,0.02437,0.02437,0.02437,0.02437,0.02296,0.02296,0.02296,0.02296,0.02296,0.02141,0.02141,0.02141,0.02141,0.02141,0.02141
-0.01245,0.02490,0.02490,0.02490,0.02490,0.02490,0.02747,0.02747,0.02747,0.02747,0.02747,0.02744,0.02744,0.02744,0.02744,0.02744,0.02821,0.02821,0.02821,0.02821,0.02821,0.02850,0.02850,0.02850,0.02850,0.02850,0.02860,0.02860,0.02860,0.02860,0.02860,0.02822,0.02822,0.02822,0.02822,0.02822,0.02759,0.02759,0.02759,0.02759,0.02759,0.02665,0.02665,0.02665,0.02665,0.02665,0.02569,0.02569,0.02569,0.02569,0.02569,0.02491,0.02491,0.02491,0.02491,0.02491,0.02417,0.02417,0.02417,0.02417,0.02417,0.02354,0.02354,0.02354,0.02354,0.02354,0.02264,0.02264,0.02264,0.02264,0.02264,0.02176,0.02176,0.02176,0.02176,0.02176,0.02086,0.02086,0.02086,0.02086,0.02086,0.02086
0.04316,0.07344,0.07344,0.07344,0.07344,0.07344,0.06116,0.06116,0.06116,0.06116,0.06116,0.05168,0.05168,0.05168,0.05168,0.05168,0.04756,0.04756,0.04756,0.04756,0.04756,0.04411,0.04411,0.04411,0.04411,0.04411,0.04121,0.04121,0.04121,0.04121,0.04121,0.03859,0.03859,0.03859,0.03859,0.03859,0.03578,0.03578,0.03578,0.03578,0.03578,0.03304,0.03304,0.03304,0.03304,0.03304,0.03055,0.03055,0.03055,0.03055,0.03055,0.02814,0.02814,0.02814,0.02814,0.02814,0.02634,0.02634,0.02634,0.02634,0.02634,0.02477,0.02477,0.02477,0.02477,0.02477,0.02339,0.02339,0.02339,0.02339,0.02339,0.02198,0.02198,0.02198,0.02198,0.02198,0.02062,0.02062,0.02062,0.02062,0.02062,0.02062
-0.06640,0.02614,0.02614,0.02614,0.02614,0.02614,0.02922,0.02922,0.02922,0.02922,0.02922,0.02923,0.02923,0.02923,0.02923,0.02923,0.03012,0.03012,0.03012,0.03012,0.03012,0.03053,0.03053,0.03053,0.03053,0.03053,0.03036,0.03036,0.03036,0.03036,0.03036,0.02977,0.02977,0.02977,0.02977,0.02977,0.02897,0.02897,0.02897,0.02897,0.02897,0.02828,0.02828,0.02828,0.02828,0.02828,0.02755,0.02755,0.02755,0.02755,0.02755,0.02675,0.02675,0.02675,0.02675,0.02675,0.02588,0.02588,0.02588,0.02588,0.02588,0.02497,0.02497,0.02497,0.02497,0.02497,0.02396,0.02396,0.02396,0.02396,0.02396,0.02298,0.02298,0.02298,0.02298,0.02298,0.02180,0.02180,0.02180,0.02180,0.02180,0.02180
-0.06640,0.04212,0.04212,0.04212,0.04212,0.04212,0.03669,0.03669,0.03669,0.03669,0.03669,0.03258,0.03258,0.03258,0.03258,0.03258,0.03018,0.03018,0.03018,0.03018,0.03018,0.02769,0.02769,0.02769,0.02769,0.02769,0.02567,0.02567,0.02567,0.02567,0.02567,0.02425,0.02425,0.02425,0.02425,0.02425,0.02327,0.02327,0.02327,0.02327,0.02327,0.02223,0.02223,0.02223,0.02223,0.02223,0.02095,0.02095,0.02095,0.02095,0.02095,0.01978,0.01978,0.01978,0.01978,0.01978,0.01879,0.01879,0.01879,0.01879,0.01879,0.01794,0.01794,0.01794,0.01794,0.01794,0.01717,0.01717,0.01717,0.01717,0.01717,0.01651,0.01651,0.01651,0.01651,0.01651,0.01559,0.01559,0.01559,0.01559,0.01559,0.01559
-0.01743,0.04560,0.04560,0.04560,0.04560,0.04560,0.03863,0.03863,0.03863,0.03863,0.03863,0.03351,0.03351,0.03351,0.03351,0.03351,0.03089,0.03089,0.03089,0.03089,0.03089,0.02789,0.02789,0.02789,0.02789,0.02789,0.02541,0.02541,0.02541,0.02541,0.02541,0.02361,0.02361,0.02361,0.02361,0.02361,0.02212,0.02212,0.02212,0.02212,0.02212,0.02069,0.02069,0.02069,0.02069,0.02069,0.01921,0.01921,0.01921,0.01921,0.01921,0.01818,0.01818,0.01818,0.01818,0.01818,0.01738,0.01738,0.01738,0.01738,0.01738,0.01665,0.01665,0.01665,0.01665,0.01665,0.01596,0.01596,0.01596,0.01596,0.01596,0.01533,0.01533,0.01533,0.01533,0.01533,0.01472,0.01472,0.01472,0.01472,0.01472,0.01472
-0.08466,0.01378,0.01378,0.01378,0.01378,0.01378,0.01472,0.01472,0.01472,0.01472,0.01472,0.01553,0.01553,0.01553,0.01553,0.01553,0.01810,0.01810,0.01810,0.01810,0.01810,0.02013,0.02013,0.02013,0.02013,0.02013,0.02107,0.02107,0.02107,0.02107,0.02107,0.02153,0.02153,0.02153,0.02153,0.02153,0.02078,0.02078,0.02078,0.02078,0.02078,0.02039,0.02039,0.02039,0.02039,0.02039,0.02090,0.02090,0.02090,0.02090,0.02090,0.02047,0.02047,0.02047,0.02047,0.02047,0.02011,0.02011,0.02011,0.02011,0.02011,0.01944,0.01944,0.01944,0.01944,0.01944,0.01897,0.01897,0.01897,0.01897,0.01897,0.01846,0.01846,0.01846,0.01846,0.01846,0.01782,0.01782,0.01782,0.01782,0.01782,0.01782
-0.01660,0.03435,0.03435,0.03435,0.03435,0.03435,0.03578,0.03578,0.03578,0.03578,0.03578,0.03423,0.03423,0.03423,0.03423,0.03423,0.03229,0.03229,0.03229,0.03229,0.03229,0.02994,0.02994,0.02994,0.02994,0.02994,0.02718,0.02718,0.02718,0.02718,0.02718,0.02519,0.02519,0.02519,0.02519,0.02519,0.02385,0.02385,0.02385,0.02385,0.02385,0.02254,0.02254,0.02254,0.02254,0.02254,0.02121,0.02121,0.02121,0.02121,0.02121,0.02020,0.02020,0.02020,0.02020,0.02020,0.01941,0.01941,0.01941,0.01941,0.01941,0.01833,0.01833,0.01833,0.01833,0.01833,0.01730,0.01730,0.01730,0.01730,0.01730,0.01645,0.01645,0.01645,0.01645,0.01645,0.01554,0.01554,0.01554,0.01554,0.01554,0.01554
-0.02158,0.04267,0.04267,0.04267,0.04267,0.04267,0.02853,0.02853,0.02853,0.02853,0.02853,0.02149,0.02149,0.02149,0.02149,0.02149,0.01538,0.01538,0.01538,0.01538,0.01538,0.00945,0.00945,0.00945,0.00945,0.00945,0.00411,0.00411,0.00411,0.00411,0.00411,0.00253,0.00253,0.00253,0.00253,0.00253,0.00442,0.00442,0.00442,0.00442,0.00442,0.00684,0.00684,0.00684,0.00684,0.00684,0.00746,0.00746,0.00746,0.00746,0.00746,0.00698,0.00698,0.00698,0.00698,0.00698,0.00773,0.00773,0.00773,0.00773,0.00773,0.00840,0.00840,0.00840,0.00840,0.00840,0.00896,0.00896,0.00896,0.00896,0.00896,0.00917,0.00917,0.00917,0.00917,0.00917,0.00886,0.00886,0.00886,0.00886,0.00886,0.00886
-0.00083,0.03219,0.03219,0.03219,0.03219,0.03219,0.03318,0.03318,0.03318,0.03318,0.03318,0.03225,0.03225,0.03225,0.03225,0.03225,0.03320,0.03320,0.03320,0.03320,0.03320,0.03381,0.03381,0.03381,0.03381,0.03381,0.03410,0.03410,0.03410,0.03410,0.03410,0.03435,0.03435,0.03435,0.03435,0.03435,0.03403,0.03403,0.03403,0.03403,0.03403,0.03302,0.03302,0.03302,0.03302,0.03302,0.03169,0.03169,0.03169,0.03169,0.03169,0.03006,0.03006,0.03006,0.03006,0.03006,0.02871,0.02871,0.02871,0.02871,0.02871,0.02754,0.02754,0.02754,0.02754,0.02754,0.02629,0.02629,0.02629,0.02629,0.02629,0.02506,0.02506,0.02506,0.02506,0.02506,0.02362,0.02362,0.02362,0.02362,0.02362,0.02362
-0.06640,0.03794,0.03794,0.03794,0.03794,0.03794,0.03901,0.03901,0.03901,0.03901,0.03901,0.03858,0.03858,0.03858,0.03858,0.03858,0.03646,0.03646,0.03646,0.03646,0.03646,0.03398,0.03398,0.03398,0.03398,0.03398,0.03089,0.03089,0.03089,0.03089,0.03089,0.02863,0.02863,0.02863,0.02863,0.02863,0.02738,0.02738,0.02738,0.02738,0.02738,0.02614,0.02614,0.02614,0.02614,0.02614,0.02436,0.02436,0.02436,0.02436,0.02436,0.02215,0.02215,0.02215,0.02215,0.02215,0.02074,0.02074,0.02074,0.02074,0.02074,0.01979,0.01979,0.01979,0.01979,0.01979,0.01907,0.01907,0.01907,0.01907,0.01907,0.01799,0.01799,0.01799,0.01799,0.01799,0.01672,0.01672,0.01672,0.01672,0.01672,0.01672
-0.00332,0.04298,0.04298,0.04298,0.04298,0.04298,0.03619,0.03619,0.03619,0.03619,0.03619,0.03170,0.03170,0.03170,0.03170,0.03170,0.03043,0.03043,0.03043,0.03043,0.03043,0.02896,0.02896,0.02896,0.02896,0.02896,0.02722,0.02722,0.02722,0.02722,0.02722,0.02543,0.02543,0.02543,0.02543,0.02543,0.02422,0.02422,0.02422,0.02422,0.02422,0.02390,0.02390,0.02390,0.02390,0.02390,0.02381,0.02381,0.02381,0.02381,0.02381,0.02326,0.02326,0.02326,0.02326,0.02326,0.02215,0.02215,0.02215,0.02215,0.02215,0.02094,0.02094,0.02094,0.02094,0.02094,0.01998,0.01998,0.01998,0.01998,0.01998,0.01938,0.01938,0.01938,0.01938,0.01938,0.01897,0.01897,0.01897,0.01897,0.01897,0.01897
-0.03486,0.03287,0.03287,0.03287,0.03287,0.03287,0.03756,0.03756,0.03756,0.03756,0.03756,0.03893,0.03893,0.03893,0.03893,0.03893,0.04107,0.04107,0.04107,0.04107,0.04107,0.04267,0.04267,0.04267,0.04267,0.04267,0.04330,0.04330,0.04330,0.04330,0.04330,0.04268,0.04268,0.04268,0.04268,0.04268,0.04148,0.04148,0.04148,0.04148,0.04148,0.03995,0.03995,0.03995,0.03995,0.03995,0.03828,0.03828,0.03828,0.03828,0.03828,0.03637,0.03637,0.03637,0.03637,0.03637,0.03472,0.03472,0.03472,0.03472,0.03472,0.03313,0.03313,0.03313,0.03313,0.03313,0.03160,0.03160,0.03160,0.03160,0.03160,0.02999,0.02999,0.02999,0.02999,0.02999,0.02856,0.02856,0.02856,0.02856,0.02856,0.02856
0.00498,0.03401,0.03401,0.03401,0.03401,0.03401,0.03531,0.03531,0.03531,0.03531,0.03531,0.03524,0.03524,0.03524,0.03524,0.03524,0.03714,0.03714,0.03714,0.03714,0.03714,0.03912,0.03912,0.03912,0.03912,0.03912,0.04052,0.04052,0.04052,0.04052,0.04052,0.04152,0.04152,0.04152,0.04152,0.04152,0.04158,0.04158,0.04158,0.04158,0.04158,0.04117,0.04117,0.04117,0.04117,0.04117,0.04042,0.04042,0.04042,0.04042,0.04042,0.03905,0.03905,0.03905,0.03905,0.03905,0.03747,0.03747,0.03747,0.03747,0.03747,0.03577,0.03577,0.03577,0.03577,0.03577,0.03410,0.03410,0.03410,0.03410,0.03410,0.03213,0.03213,0.03213,0.03213,0.03213,0.03019,0.03019,0.03019,0.03019,0.03019,0.03019
-0.13114,0.02873,0.02873,0.02873,0.02873,0.02873,0.02351,0.02351,0.02351,0.02351,0.02351,0.02009,0.02009,0.02009,0.02009,0.02009,0.01839,0.01839,0.01839,0.01839,0.01839,0.01739,0.01739,0.01739,0.01739,0.01739,0.01719,0.01719,0.01719,0.01719,0.01719,0.01588,0.01588,0.01588,0.01588,0.01588,0.01518,0.01518,0.01518,0.01518,0.01518,0.01487,0.01487,0.01487,0.01487,0.01487,0.01466,0.01466,0.01466,0.01466,0.01466,0.01497,0.01497,0.01497,0.01497,0.01497,0.01490,0.01490,0.01490,0.01490,0.01490,0.01464,0.01464,0.01464,0.01464,0.01464,0.01414,0.01414,0.01414,0.01414,0.01414,0.01375,0.01375,0.01375,0.01375,0.01375,0.01342,0.01342,0.01342,0.01342,0.01342,0.01342
-0.06806,0.01884,0.01884,0.01884,0.01884,0.01884,0.01849,0.01849,0.01849,0.01849,0.01849,0.01793,0.01793,0.01793,0.01793,0.01793,0.01734,0.01734,0.01734,0.01734,0.01734,0.01741,0.01741,0.01741,0.01741,0.01741,0.01779,0.01779,0.01779,0.01779,0.01779,0.01789,0.01789,0.01789,0.01789,0.01789,0.01765,0.01765,0.01765,0.01765,0.01765,0.01743,0.01743,0.01743,0.01743,0.01743,0.01681,0.01681,0.01681,0.01681,0.01681,0.01641,0.01641,0.01641,0.01641,0.01641,0.01604,0.01604,0.01604,0.01604,0.01604,0.01567,0.01567,0.01567,0.01567,0.01567,0.01540,0.01540,0.01540,0.01540,0.01540,0.01502,0.01502,0.01502,0.01502,0.01502,0.01454,0.01454,0.01454,0.01454,0.01454,0.01454
-0.04399,0.05151,0.05151,0.05151,0.05151,0.05151,0.04330,0.04330,0.04330,0.04330,0.04330,0.03715,0.03715,0.03715,0.03715,0.03715,0.03185,0.03185,0.03185,0.03185,0.03185,0.02694,0.02694,0.02694,0.02694,0.02694,0.02291,0.02291,0.02291,0.02291,0.02291,0.02047,0.02047,0.02047,0.02047,0.02047,0.01977,0.01977,0.01977,0.01977,0.01977,0.01889,0.01889,0.01889,0.01889,0.01889,0.01728,0.01728,0.01728,0.01728,0.01728,0.01456,0.01456,0.01456,0.01456,0.01456,0.01295,0.01295,0.01295,0.01295,0.01295,0.01205,0.01205,0.01205,0.01205,0.01205,0.01172,0.01172,0.01172,0.01172,0.01172,0.01132,0.01132,0.01132,0.01132,0.01132,0.01057,0.01057,0.01057,0.01057,0.01057,0.01057
-0.05810,0.04037,0.04037,0.04037,0.04037,0.04037,0.03821,0.03821,0.03821,0.03821,0.03821,0.03586,0.03586,0.03586,0.03586,0.03586,0.03396,0.03396,0.03396,0.03396,0.03396,0.03134,0.03134,0.03134,0.03134,0.03134,0.02858,0.02858,0.02858,0.02858,0.02858,0.02643,0.02643,0.02643,0.02643,0.02643,0.02474,0.02474,0.02474,0.02474,0.02474,0.02365,0.02365,0.02365,0.02365,0.02365,0.02238,0.02238,0.02238,0.02238,0.02238,0.02103,0.02103,0.02103,0.02103,0.02103,0.01971,0.01971,0.01971,0.01971,0.01971,0.01826,0.01826,0.01826,0.01826,0.01826,0.01702,0.01702,0.01702,0.01702,0.01702,0.01605,0.01605,0.01605,0.01605,0.01605,0.01517,0.01517,0.01517,0.01517,0.01517,0.01517
-0.00415,0.04211,0.04211,0.04211,0.04211,0.04211,0.03896,0.03896,0.03896,0.03896,0.03896,0.03668,0.03668,0.03668,0.03668,0.03668,0.03772,0.03772,0.03772,0.03772,0.03772,0.03949,0.03949,0.03949,0.03949,0.03949,0.04053,0.04053,0.04053,0.04053,0.04053,0.04067,0.04067,0.04067,0.04067,0.04067,0.04007,0.04007,0.04007,0.04007,0.04007,0.03913,0.03913,0.03913,0.03913,0.03913,0.03805,0.03805,0.03805,0.03805,0.03805,0.03676,0.03676,0.03676,0.03676,0.03676,0.03551,0.03551,0.03551,0.03551,0.03551,0.03427,0.03427,0.03427,0.03427,0.03427,0.03293,0.03293,0.03293,0.03293,0.03293,0.03152,0.03152,0.03152,0.03152,0.03152,0.02995,0.02995,0.02995,0.02995,0.02995,0.02995
-0.05976,0.02734,0.02734,0.02734,0.02734,0.02734,0.02739,0.02739,0.02739,0.02739,0.02739,0.02512,0.02512,0.02512,0.02512,0.02512,0.02408,0.02408,0.02408,0.02408,0.02408,0.02308,0.02308,0.02308,0.02308,0.02308,0.02182,0.02182,0.02182,0.02182,0.02182,0.02064,0.02064,0.02064,0.02064,0.02064,0.01929,0.01929,0.01929,0.01929,0.01929,0.01839,0.01839,0.01839,0.01839,0.01839,0.01762,0.01762,0.01762,0.01762,0.01762,0.01682,0.01682,0.01682,0.01682,0.01682,0.01627,0.01627,0.01627,0.01627,0.01627,0.01563,0.01563,0.01563,0.01563,0.01563,0.01488,0.01488,0.01488,0.01488,0.01488,0.01453,0.01453,0.01453,0.01453,0.01453,0.01388,0.01388,0.01388,0.01388,0.01388,0.01388
-0.01577,0.03195,0.03195,0.03195,0.03195,0.03195,0.03396,0.03396,0.03396,0.03396,0.03396,0.03348,0.03348,0.03348,0.03348,0.03348,0.03498,0.03498,0.03498,0.03498,0.03498,0.03590,0.03590,0.03590,0.03590,0.03590,0.03628,0.03628,0.03628,0.03628,0.03628,0.03599,0.03599,0.03599,0.03599,0.03599,0.03553,0.03553,0.03553,0.03553,0.03553,0.03489,0.03489,0.03489,0.03489,0.03489,0.03414,0.03414,0.03414,0.03414,0.03414,0.03333,0.03333,0.03333,0.03333,0.03333,0.03200,0.03200,0.03200,0.03200,0.03200,0.03053,0.03053,0.03053,0.03053,0.03053,0.02918,0.02918,0.02918,0.02918,0.02918,0.02778,0.02778,0.02778,0.02778,0.02778,0.02628,0.02628,0.02628,0.02628,0.02628,0.02628
-0.02490,0.03586,0.03586,0.03586,0.03586,0.03586,0.03861,0.03861,0.03861,0.03861,0.03861,0.03827,0.03827,0.03827,0.03827,0.03827,0.03784,0.03784,0.03784,0.03784,0.03784,0.03638,0.03638,0.03638,0.03638,0.03638,0.03489,0.03489,0.03489,0.03489,0.03489,0.03359,0.03359,0.03359,0.03359,0.03359,0.03185,0.03185,0.03185,0.03185,0.03185,0.03026,0.03026,0.03026,0.03026,0.03026,0.02870,0.02870,0.02870,0.02870,0.02870,0.02704,0.02704,0.02704,0.02704,0.02704,0.02563,0.02563,0.02563,0.02563,0.02563,0.02444,0.02444,0.02444,0.02444,0.02444,0.02330,0.02330,0.02330,0.02330,0.02330,0.02220,0.02220,0.02220,0.02220,0.02220,0.02085,0.02085,0.02085,0.02085,0.02085,0.02085
-0.01494,0.03366,0.03366,0.03366,0.03366,0.03366,0.03263,0.03263,0.03263,0.03263,0.03263,0.03093,0.03093,0.03093,0.03093,0.03093,0.03125,0.03125,0.03125,0.03125,0.03125,0.03185,0.03185,0.03185,0.03185,0.03185,0.03229,0.03229,0.03229,0.03229,0.03229,0.03354,0.03354,0.03354,0.03354,0.03354,0.03369,0.03369,0.03369,0.03369,0.03369,0.03291,0.03291,0.03291,0.03291,0.03291,0.03179,0.03179,0.03179,0.03179,0.03179,0.03044,0.03044,0.03044,0.03044,0.03044,0.02877,0.02877,0.02877,0.02877,0.02877,0.02716,0.02716,0.02716,0.02716,0.02716,0.02567,0.02567,0.02567,0.02567,0.02567,0.02398,0.02398,0.02398,0.02398,0.02398,0.02226,0.02226,0.02226,0.02226,0.02226,0.02226
-0.00332,0.02609,0.02609,0.02609,0.02609,0.02609,0.02911,0.02911,0.02911,0.02911,0.02911,0.03062,0.03062,0.03062,0.03062,0.03062,0.03180,0.03180,0.03180,0.03180,0.03180,0.03178,0.03178,0.03178,0.03178,0.03178,0.03117,0.03117,0.03117,0.03117,0.03117,0.03078,0.03078,0.03078,0.03078,0.03078,0.03041,0.03041,0.03041,0.03041,0.03041,0.02991,0.02991,0.02991,0.02991,0.02991,0.02922,0.02922,0.02922,0.02922,0.02922,0.02772,0.02772,0.02772,0.02772,0.02772,0.02610,0.02610,0.02610,0.02610,0.02610,0.02448,0.02448,0.02448,0.02448,0.02448,0.02332,0.02332,0.02332,0.02332,0.02332,0.02224,0.02224,0.02224,0.02224,0.02224,0.02114,0.02114,0.02114,0.02114,0.02114,0.02114
-0.00747,0.03200,0.03200,0.03200,0.03200,0.03200,0.03296,0.03296,0.03296,0.03296,0.03296,0.03181,0.03181,0.03181,0.03181,0.03181,0.03120,0.03120,0.03120,0.03120,0.03120,0.02997,0.02997,0.02997,0.02997,0.02997,0.02852,0.02852,0.02852,0.02852,0.02852,0.02722,0.02722,0.02722,0.02722,0.02722,0.02606,0.02606,0.02606,0.02606,0.02606,0.02481,0.02481,0.02481,0.02481,0.02481,0.02358,0.02358,0.02358,0.02358,0.02358,0.02236,0.02236,0.02236,0.02236,0.02236,0.02122,0.02122,0.02122,0.02122,0.02122,0.02013,0.02013,0.02013,0.02013,0.02013,0.01922,0.01922,0.01922,0.01922,0.01922,0.01843,0.01843,0.01843,0.01843,0.01843,0.01762,0.01762,0.01762,0.01762,0.01762,0.01762
-0.09213,0.03360,0.03360,0.03360,0.03360,0.03360,0.02797,0.02797,0.02797,0.02797,0.02797,0.02418,0.02418,0.02418,0.02418,0.02418,0.02245,0.02245,0.02245,0.02245,0.02245,0.02107,0.02107,0.02107,0.02107,0.02107,0.02013,0.02013,0.02013,0.02013,0.02013,0.01931,0.01931,0.01931,0.01931,0.01931,0.01831,0.01831,0.01831,0.01831,0.01831,0.01727,0.01727,0.01727,0.01727,0.01727,0.01638,0.01638,0.01638,0.01638,0.01638,0.01553,0.01553,0.01553,0.01553,0.01553,0.01489,0.01489,0.01489,0.01489,0.01489,0.01440,0.01440,0.01440,0.01440,0.01440,0.01390,0.01390,0.01390,0.01390,0.01390,0.01324,0.01324,0.01324,0.01324,0.01324,0.01259,0.01259,0.01259,0.01259,0.01259,0.01259
-0.07885,0.02585,0.02585,0.02585,0.02585,0.02585,0.02560,0.02560,0.02560,0.02560,0.02560,0.02461,0.02461,0.02461,0.02461,0.02461,0.02598,0.02598,0.02598,0.02598,0.02598,0.02657,0.02657,0.02657,0.02657,0.02657,0.02671,0.02671,0.02671,0.02671,0.02671,0.02632,0.02632,0.02632,0.02632,0.02632,0.02568,0.02568,0.02568,0.02568,0.02568,0.02487,0.02487,0.02487,0.02487,0.02487,0.02392,0.02392,0.02392,0.02392,0.02392,0.02324,0.02324,0.02324,0.02324,0.02324,0.02238,0.02238,0.02238,0.02238,0.02238,0.02144,0.02144,0.02144,0.02144,0.02144,0.02046,0.02046,0.02046,0.02046,0.02046,0.01960,0.01960,0.01960,0.01960,0.01960,0.01874,0.01874,0.01874,0.01874,0.01874,0.01874
-0.02573,0.02861,0.02861,0.02861,0.02861,0.02861,0.02605,0.02605,0.02605,0.02605,0.02605,0.02183,0.02183,0.02183,0.02183,0.02183,0.01736,0.01736,0.01736,0.01736,0.01736,0.01298,0.01298,0.01298,0.01298,0.01298,0.00999,0.00999,0.00999,0.00999,0.00999,0.00994,0.00994,0.00994,0.00994,0.00994,0.01209,0.01209,0.01209,0.01209,0.01209,0.01228,0.01228,0.01228,0.01228,0.01228,0.01157,0.01157,0.01157,0.01157,0.01157,0.01022,0.01022,0.01022,0.01022,0.01022,0.00931,0.00931,0.00931,0.00931,0.00931,0.00906,0.00906,0.00906,0.00906,0.00906,0.00913,0.00913,0.00913,0.00913,0.00913,0.00915,0.00915,0.00915,0.00915,0.00915,0.00878,0.00878,0.00878,0.00878,0.00878,0.00878
-0.00166,0.03949,0.03949,0.03949,0.03949,0.03949,0.03847,0.03847,0.03847,0.03847,0.03847,0.03608,0.03608,0.03608,0.03608,0.03608,0.03523,0.03523,0.03523,0.03523,0.03523,0.03467,0.03467,0.03467,0.03467,0.03467,0.03429,0.03429,0.03429,0.03429,0.03429,0.03459,0.03459,0.03459,0.03459,0.03459,0.03474,0.03474,0.03474,0.03474,0.03474,0.03371,0.03371,0.03371,0.03371,0.03371,0.03224,0.03224,0.03224,0.03224,0.03224,0.03048,0.03048,0.03048,0.03048,0.03048,0.02909,0.02909,0.02909,0.02909,0.02909,0.02794,0.02794,0.02794,0.02794,0.02794,0.02702,0.02702,0.02702,0.02702,0.02702,0.02587,0.02587,0.02587,0.02587,0.02587,0.02464,0.02464,0.02464,0.02464,0.02464,0.02464
0.00664,0.03155,0.03155,0.03155,0.03155,0.03155,0.03252,0.03252,0.03252,0.03252,0.03252,0.03234,0.03234,0.03234,0.03234,0.03234,0.03410,0.03410,0.03410,0.03410,0.03410,0.03533,0.03533,0.03533,0.03533,0.03533,0.03615,0.03615,0.03615,0.03615,0.03615,0.03644,0.03644,0.03644,0.03644,0.03644,0.03599,0.03599,0.03599,0.03599,0.03599,0.03477,0.03477,0.03477,0.03477,0.03477,0.03336,0.03336,0.03336,0.03336,0.03336,0.03182,0.03182,0.03182,0.03182,0.03182,0.03025,0.03025,0.03025,0.03025,0.03025,0.02888,0.02888,0.02888,0.02888,0.02888,0.02750,0.02750,0.02750,0.02750,0.02750,0.02612,0.02612,0.02612,0.02612,0.02612,0.02459,0.02459,0.02459,0.02459,0.02459,0.02459
-0.05810,0.02689,0.02689,0.02689,0.02689,0.02689,0.02381,0.02381,0.02381,0.02381,0.02381,0.02149,0.02149,0.02149,0.02149,0.02149,0.01986,0.01986,0.01986,0.01986,0.01986,0.01821,0.01821,0.01821,0.01821,0.01821,0.01673,0.01673,0.01673,0.01673,0.01673,0.01605,0.01605,0.01605,0.01605,0.01605,0.01575,0.01575,0.01575,0.01575,0.01575,0.01525,0.01525,0.01525,0.01525,0.01525,0.01470,0.01470,0.01470,0.01470,0.01470,0.01430,0.01430,0.01430,0.01430,0.01430,0.01384,0.01384,0.01384,0.01384,0.01384,0.01319,0.01319,0.01319,0.01319,0.01319,0.01267,0.01267,0.01267,0.01267,0.01267,0.01221,0.01221,0.01221,0.01221,0.01221,0.01177,0.01177,0.01177,0.01177,0.01177,0.01177
-0.02988,0.04093,0.04093,0.04093,0.04093,0.04093,0.03493,0.03493,0.03493,0.03493,0.03493,0.02973,0.02973,0.02973,0.02973,0.02973,0.02674,0.02674,0.02674,0.02674,0.02674,0.02440,0.02440,0.02440,0.02440,0.02440,0.02314,0.02314,0.02314,0.02314,0.02314,0.02257,0.02257,0.02257,0.02257,0.02257,0.02211,0.02211,0.02211,0.02211,0.02211,0.02111,0.02111,0.02111,0.02111,0.02111,0.01929,0.01929,0.01929,0.01929,0.01929,0.01760,0.01760,0.01760,0.01760,0.01760,0.01681,0.01681,0.01681,0.01681,0.01681,0.01612,0.01612,0.01612,0.01612,0.01612,0.01542,0.01542,0.01542,0.01542,0.01542,0.01465,0.01465,0.01465,0.01465,0.01465,0.01385,0.01385,0.01385,0.01385,0.01385,0.01385
0.00830,0.04034,0.04034,0.04034,0.04034,0.04034,0.03949,0.03949,0.03949,0.03949,0.03949,0.03717,0.03717,0.03717,0.03717,0.03717,0.03618,0.03618,0.03618,0.03618,0.03618,0.03584,0.03584,0.03584,0.03584,0.03584,0.03534,0.03534,0.03534,0.03534,0.03534,0.03495,0.03495,0.03495,0.03495,0.03495,0.03421,0.03421,0.03421,0.03421,0.03421,0.03302,0.03302,0.03302,0.03302,0.03302,0.03161,0.03161,0.03161,0.03161,0.03161,0.03015,0.03015,0.03015,0.03015,0.03015,0.02878,0.02878,0.02878,0.02878,0.02878,0.02742,0.02742,0.02742,0.02742,0.02742,0.02627,0.02627,0.02627,0.02627,0.02627,0.02524,0.02524,0.02524,0.02524,0.02524,0.02429,0.02429,0.02429,0.02429,0.02429,0.02429
-0.05063,0.03679,0.03679,0.03679,0.03679,0.03679,0.03330,0.03330,0.03330,0.03330,0.03330,0.02965,0.02965,0.02965,0.02965,0.02965,0.02740,0.02740,0.02740,0.02740,0.02740,0.02546,0.02546,0.02546,0.02546,0.02546,0.02363,0.02363,0.02363,0.02363,0.02363,0.02209,0.02209,0.02209,0.02209,0.02209,0.02061,0.02061,0.02061,0.02061,0.02061,0.01928,0.01928,0.01928,0.01928,0.01928,0.01804,0.01804,0.01804,0.01804,0.01804,0.01712,0.01712,0.01712,0.01712,0.01712,0.01613,0.01613,0.01613,0.01613,0.01613,0.01498,0.01498,0.01498,0.01498,0.01498,0.01406,0.01406,0.01406,0.01406,0.01406,0.01319,0.01319,0.01319,0.01319,0.01319,0.01253,0.01253,0.01253,0.01253,0.01253,0.01253
0.00581,0.03318,0.03318,0.03318,0.03318,0.03318,0.03265,0.03265,0.03265,0.03265,0.03265,0.03184,0.03184,0.03184,0.03184,0.03184,0.03476,0.03476,0.03476,0.03476,0.03476,0.03736,0.03736,0.03736,0.03736,0.03736,0.03903,0.03903,0.03903,0.03903,0.03903,0.04011,0.04011,0.04011,0.04011,0.04011,0.04062,0.04062,0.04062,0.04062,0.04062,0.04057,0.04057,0.04057,0.04057,0.04057,0.04009,0.04009,0.04009,0.04009,0.04009,0.03924,0.03924,0.03924,0.03924,0.03924,0.03808,0.03808,0.03808,0.03808,0.03808,0.03652,0.03652,0.03652,0.03652,0.03652,0.03477,0.03477,0.03477,0.03477,0.03477,0.03305,0.03305,0.03305,0.03305,0.03305,0.03128,0.03128,0.03128,0.03128,0.03128,0.03128
-0.01743,0.03687,0.03687,0.03687,0.03687,0.03687,0.03658,0.03658,0.03658,0.03658,0.03658,0.03550,0.03550,0.03550,0.03550,0.03550,0.03683,0.03683,0.03683,0.03683,0.03683,0.03784,0.03784,0.03784,0.03784,0.03784,0.03837,0.03837,0.03837,0.03837,0.03837,0.03856,0.03856,0.03856,0.03856,0.03856,0.03810,0.03810,0.03810,0.03810,0.03810,0.03717,0.03717,0.03717,0.03717,0.03717,0.03608,0.03608,0.03608,0.03608,0.03608,0.03456,0.03456,0.03456,0.03456,0.03456,0.03295,0.03295,0.03295,0.03295,0.03295,0.03142,0.03142,0.03142,0.03142,0.03142,0.02989,0.02989,0.02989,0.02989,0.02989,0.02840,0.02840,0.02840,0.02840,0.02840,0.02678,0.02678,0.02678,0.02678,0.02678,0.02678
-0.03486,0.03431,0.03431,0.03431,0.03431,0.03431,0.03240,0.03240,0.03240,0.03240,0.03240,0.02936,0.02936,0.02936,0.02936,0.02936,0.02622,0.02622,0.02622,0.02622,0.02622,0.02310,0.02310,0.02310,0.02310,0.02310,0.02077,0.02077,0.02077,0.02077,0.02077,0.02016,0.02016,0.02016,0.02016,0.02016,0.02027,0.02027,0.02027,0.02027,0.02027,0.02003,0.02003,0.02003,0.02003,0.02003,0.01877,0.01877,0.01877,0.01877,0.01877,0.01700,0.01700,0.01700,0.01700,0.01700,0.01582,0.01582,0.01582,0.01582,0.01582,0.01500,0.01500,0.01500,0.01500,0.01500,0.01439,0.01439,0.01439,0.01439,0.01439,0.01383,0.01383,0.01383,0.01383,0.01383,0.01316,0.01316,0.01316,0.01316,0.01316,0.01316
0.02407,0.04162,0.04162,0.04162,0.04162,0.04162,0.03607,0.03607,0.03607,0.03607,0.03607,0.03152,0.03152,0.03152,0.03152,0.03152,0.02991,0.02991,0.02991,0.02991,0.02991,0.02835,0.02835,0.02835,0.02835,0.02835,0.02631,0.02631,0.02631,0.02631,0.02631,0.02455,0.02455,0.02455,0.02455,0.02455,0.02357,0.02357,0.02357,0.02357,0.02357,0.02365,0.02365,0.02365,0.02365,0.02365,0.02242,0.02242,0.02242,0.02242,0.02242,0.02080,0.02080,0.02080,0.02080,0.02080,0.01955,0.01955,0.01955,0.01955,0.01955,0.01856,0.01856,0.01856,0.01856,0.01856,0.01781,0.01781,0.01781,0.01781,0.01781,0.01705,0.01705,0.01705,0.01705,0.01705,0.01614,0.01614,0.01614,0.01614,0.01614,0.01614
-0.02905,0.03796,0.03796,0.03796,0.03796,0.03796,0.03800,0.03800,0.03800,0.03800,0.03800,0.03637,0.03637,0.03637,0.03637,0.03637,0.03711,0.03711,0.03711,0.03711,0.03711,0.03769,0.03769,0.03769,0.03769,0.03769,0.03749,0.03749,0.03749,0.03749,0.03749,0.03696,0.03696,0.03696,0.03696,0.03696,0.03612,0.03612,0.03612,0.03612,0.03612,0.03502,0.03502,0.03502,0.03502,0.03502,0.03362,0.03362,0.03362,0.03362,0.03362,0.03208,0.03208,0.03208,0.03208,0.03208,0.03032,0.03032,0.03032,0.03032,0.03032,0.02851,0.02851,0.02851,0.02851,0.02851,0.02692,0.02692,0.02692,0.02692,0.02692,0.02527,0.02527,0.02527,0.02527,0.02527,0.02379,0.02379,0.02379,0.02379,0.02379,0.02379
-0.05478,0.01018,0.01018,0.01018,0.01018,0.01018,0.00986,0.00986,0.00986,0.00986,0.00986,0.01042,0.01042,0.01042,0.01042,0.01042,0.01144,0.01144,0.01144,0.01144,0.01144,0.01150,0.01150,0.01150,0.01150,0.01150,0.01065,0.01065,0.01065,0.01065,0.01065,0.01046,0.01046,0.01046,0.01046,0.01046,0.01059,0.01059,0.01059,0.01059,0.01059,0.01108,0.01108,0.01108,0.01108,0.01108,0.01096,0.01096,0.01096,0.01096,0.01096,0.01074,0.01074,0.01074,0.01074,0.01074,0.01037,0.01037,0.01037,0.01037,0.01037,0.01004,0.01004,0.01004,0.01004,0.01004,0.00982,0.00982,0.00982,0.00982,0.00982,0.00988,0.00988,0.00988,0.00988,0.00988,0.01015,0.01015,0.01015,0.01015,0.01015,0.01015
-0.05312,0.01100,0.01100,0.01100,0.01100,0.01100,0.01251,0.01251,0.01251,0.01251,0.01251,0.01350,0.01350,0.01350,0.01350,0.01350,0.01344,0.01344,0.01344,0.01344,0.01344,0.01262,0.01262,0.01262,0.01262,0.01262,0.01176,0.01176,0.01176,0.01176,0.01176,0.01146,0.01146,0.01146,0.01146,0.01146,0.01140,0.01140,0.01140,0.01140,0.01140,0.01127,0.01127,0.01127,0.01127,0.01127,0.01069,0.01069,0.01069,0.01069,0.01069,0.01015,0.01015,0.01015,0.01015,0.01015,0.00983,0.00983,0.00983,0.00983,0.00983,0.00962,0.00962,0.00962,0.00962,0.00962,0.00955,0.00955,0.00955,0.00955,0.00955,0.00961,0.00961,0.00961,0.00961,0.00961,0.00981,0.00981,0.00981,0.00981,0.00981,0.00981
-0.03154,0.03425,0.03425,0.03425,0.03425,0.03425,0.02960,0.02960,0.02960,0.02960,0.02960,0.02480,0.02480,0.02480,0.02480,0.02480,0.02078,0.02078,0.02078,0.02078,0.02078,0.01742,0.01742,0.01742,0.01742,0.01742,0.01528,0.01528,0.01528,0.01528,0.01528,0.01444,0.01444,0.01444,0.01444,0.01444,0.01462,0.01462,0.01462,0.01462,0.01462,0.01432,0.01432,0.01432,0.01432,0.01432,0.01297,0.01297,0.01297,0.01297,0.01297,0.01151,0.01151,0.01151,0.01151,0.01151,0.01073,0.01073,0.01073,0.01073,0.01073,0.01015,0.01015,0.01015,0.01015,0.01015,0.00971,0.00971,0.00971,0.00971,0.00971,0.00934,0.00934,0.00934,0.00934,0.00934,0.00895,0.00895,0.00895,0.00895,0.00895,0.00895
-0.04233,0.00677,0.00677,0.00677,0.00677,0.00677,0.00903,0.00903,0.00903,0.00903,0.00903,0.00997,0.00997,0.00997,0.00997,0.00997,0.01088,0.01088,0.01088,0.01088,0.01088,0.01059,0.01059,0.01059,0.01059,0.01059,0.01001,0.01001,0.01001,0.01001,0.01001,0.01083,0.01083,0.01083,0.01083,0.01083,0.01203,0.01203,0.01203,0.01203,0.01203,0.01352,0.01352,0.01352,0.01352,0.01352,0.01412,0.01412,0.01412,0.01412,0.01412,0.01399,0.01399,0.01399,0.01399,0.01399,0.01345,0.01345,0.01345,0.01345,0.01345,0.01292,0.01292,0.01292,0.01292,0.01292,0.01265,0.01265,0.01265,0.01265,0.01265,0.01244,0.01244,0.01244,0.01244,0.01244,0.01242,0.01242,0.01242,0.01242,0.01242,0.01242
-0.04648,0.02261,0.02261,0.02261,0.02261,0.02261,0.02223,0.02223,0.02223,0.02223,0.02223,0.02102,0.02102,0.02102,0.02102,0.02102,0.01859,0.01859,0.01859,0.01859,0.01859,0.01511,0.01511,0.01511,0.01511,0.01511,0.01427,0.01427,0.01427,0.01427,0.01427,0.01334,0.01334,0.01334,0.01334,0.01334,0.01347,0.01347,0.01347,0.01347,0.01347,0.01473,0.01473,0.01473,0.01473,0.01473,0.01458,0.01458,0.01458,0.01458,0.01458,0.01325,0.01325,0.01325,0.01325,0.01325,0.01216,0.01216,0.01216,0.01216,0.01216,0.01133,0.01133,0.01133,0.01133,0.01133,0.01084,0.01084,0.01084,0.01084,0.01084,0.01072,0.01072,0.01072,0.01072,0.01072,0.01080,0.01080,0.01080,0.01080,0.01080,0.01080
-0.04067,0.00881,0.00881,0.00881,0.00881,0.00881,0.00799,0.00799,0.00799,0.00799,0.00799,0.00935,0.00935,0.00935,0.00935,0.00935,0.01167,0.01167,0.01167,0.01167,0.01167,0.01160,0.01160,0.01160,0.01160,0.01160,0.01094,0.01094,0.01094,0.01094,0.01094,0.01076,0.01076,0.01076,0.01076,0.01076,0.01141,0.01141,0.01141,0.01141,0.01141,0.01138,0.01138,0.01138,0.01138,0.01138,0.01129,0.01129,0.01129,0.01129,0.01129,0.01095,0.01095,0.01095,0.01095,0.01095,0.01067,0.01067,0.01067,0.01067,0.01067,0.01034,0.01034,0.01034,0.01034,0.01034,0.01008,0.01008,0.01008,0.01008,0.01008,0.00995,0.00995,0.00995,0.00995,0.00995,0.01024,0.01024,0.01024,0.01024,0.01024,0.01024
-0.02739,0.00800,0.00800,0.00800,0.00800,0.00800,0.00735,0.00735,0.00735,0.00735,0.00735,0.00837,0.00837,0.00837,0.00837,0.00837,0.01025,0.01025,0.01025,0.01025,0.01025,0.01179,0.01179,0.01179,0.01179,0.01179,0.01234,0.01234,0.01234,0.01234,0.01234,0.01182,0.01182,0.01182,0.01182,0.01182,0.01150,0.01150,0.01150,0.01150,0.01150,0.01159,0.01159,0.01159,0.01159,0.01159,0.01162,0.01162,0.01162,0.01162,0.01162,0.01166,0.01166,0.01166,0.01166,0.01166,0.01176,0.01176,0.01176,0.01176,0.01176,0.01160,0.01160,0.01160,0.01160,0.01160,0.01126,0.01126,0.01126,0.01126,0.01126,0.01098,0.01098,0.01098,0.01098,0.01098,0.01092,0.01092,0.01092,0.01092,0.01092,0.01092
-0.02407,0.02459,0.02459,0.02459,0.02459,0.02459,0.02341,0.02341,0.02341,0.02341,0.02341,0.02255,0.02255,0.02255,0.02255,0.02255,0.02045,0.02045,0.02045,0.02045,0.02045,0.01788,0.01788,0.01788,0.01788,0.01788,0.01513,0.01513,0.01513,0.01513,0.01513,0.01287,0.01287,0.01287,0.01287,0.01287,0.01395,0.01395,0.01395,0.01395,0.01395,0.01469,0.01469,0.01469,0.01469,0.01469,0.01374,0.01374,0.01374,0.01374,0.01374,0.01233,0.01233,0.01233,0.01233,0.01233,0.01143,0.01143,0.01143,0.01143,0.01143,0.01094,0.01094,0.01094,0.01094,0.01094,0.01086,0.01086,0.01086,0.01086,0.01086,0.01110,0.01110,0.01110,0.01110,0.01110,0.01116,0.01116,0.01116,0.01116,0.01116,0.01116
-0.09130,0.00680,0.00680,0.00680,0.00680,0.00680,0.00841,0.00841,0.00841,0.00841,0.00841,0.00853,0.00853,0.00853,0.00853,0.00853,0.00798,0.00798,0.00798,0.00798,0.00798,0.00773,0.00773,0.00773,0.00773,0.00773,0.00899,0.00899,0.00899,0.00899,0.00899,0.01109,0.01109,0.01109,0.01109,0.01109,0.01283,0.01283,0.01283,0.01283,0.01283,0.01371,0.01371,0.01371,0.01371,0.01371,0.01308,0.01308,0.01308,0.01308,0.01308,0.01215,0.01215,0.01215,0.01215,0.01215,0.01207,0.01207,0.01207,0.01207,0.01207,0.01205,0.01205,0.01205,0.01205,0.01205,0.01245,0.01245,0.01245,0.01245,0.01245,0.01272,0.01272,0.01272,0.01272,0.01272,0.01244,0.01244,0.01244,0.01244,0.01244,0.01244
-0.02407,0.00958,0.00958,0.00958,0.00958,0.00958,0.00988,0.00988,0.00988,0.00988,0.00988,0.01095,0.01095,0.01095,0.01095,0.01095,0.01179,0.01179,0.01179,0.01179,0.01179,0.01117,0.01117,0.01117,0.01117,0.01117,0.01065,0.01065,0.01065,0.01065,0.01065,0.01037,0.01037,0.01037,0.01037,0.01037,0.01023,0.01023,0.01023,0.01023,0.01023,0.01077,0.01077,0.01077,0.01077,0.01077,0.01086,0.01086,0.01086,0.01086,0.01086,0.01064,0.01064,0.01064,0.01064,0.01064,0.01044,0.01044,0.01044,0.01044,0.01044,0.01022,0.01022,0.01022,0.01022,0.01022,0.01006,0.01006,0.01006,0.01006,0.01006,0.01019,0.01019,0.01019,0.01019,0.01019,0.01046,0.01046,0.01046,0.01046,0.01046,0.01046
-0.06806,0.00987,0.00987,0.00987,0.00987,0.00987,0.01058,0.01058,0.01058,0.01058,0.01058,0.01107,0.01107,0.01107,0.01107,0.01107,0.01134,0.01134,0.01134,0.01134,0.01134,0.01126,0.01126,0.01126,0.01126,0.01126,0.01064,0.01064,0.01064,0.01064,0.01064,0.01042,0.01042,0.01042,0.01042,0.01042,0.01062,0.01062,0.01062,0.01062,0.01062,0.01053,0.01053,0.01053,0.01053,0.01053,0.01010,0.01010,0.01010,0.01010,0.01010,0.00970,0.00970,0.00970,0.00970,0.00970,0.00955,0.00955,0.00955,0.00955,0.00955,0.00950,0.00950,0.00950,0.00950,0.00950,0.00972,0.00972,0.00972,0.00972,0.00972,0.00985,0.00985,0.00985,0.00985,0.00985,0.00986,0.00986,0.00986,0.00986,0.00986,0.00986
-0.06806,0.01625,0.01625,0.01625,0.01625,0.01625,0.01699,0.01699,0.01699,0.01699,0.01699,0.01608,0.01608,0.01608,0.01608,0.01608,0.01528,0.01528,0.01528,0.01528,0.01528,0.01453,0.01453,0.01453,0.01453,0.01453,0.01461,0.01461,0.01461,0.01461,0.01461,0.01517,0.01517,0.01517,0.01517,0.01517,0.01553,0.01553,0.01553,0.01553,0.01553,0.01543,0.01543,0.01543,0.01543,0.01543,0.01471,0.01471,0.01471,0.01471,0.01471,0.01362,0.01362,0.01362,0.01362,0.01362,0.01293,0.01293,0.01293,0.01293,0.01293,0.01248,0.01248,0.01248,0.01248,0.01248,0.01210,0.01210,0.01210,0.01210,0.01210,0.01180,0.01180,0.01180,0.01180,0.01180,0.01157,0.01157,0.01157,0.01157,0.01157,0.01157
-0.07470,0.01518,0.01518,0.01518,0.01518,0.01518,0.01448,0.01448,0.01448,0.01448,0.01448,0.01390,0.01390,0.01390,0.01390,0.01390,0.01292,0.01292,0.01292,0.01292,0.01292,0.01144,0.01144,0.01144,0.01144,0.01144,0.01034,0.01034,0.01034,0.01034,0.01034,0.01026,0.01026,0.01026,0.01026,0.01026,0.01041,0.01041,0.01041,0.01041,0.01041,0.01054,0.01054,0.01054,0.01054,0.01054,0.01058,0.01058,0.01058,0.01058,0.01058,0.01005,0.01005,0.01005,0.01005,0.01005,0.00961,0.00961,0.00961,0.00961,0.00961,0.00935,0.00935,0.00935,0.00935,0.00935,0.00921,0.00921,0.00921,0.00921,0.00921,0.00917,0.00917,0.00917,0.00917,0.00917,0.00911,0.00911,0.00911,0.00911,0.00911,0.00911
-0.04150,0.01891,0.01891,0.01891,0.01891,0.01891,0.02010,0.02010,0.02010,0.02010,0.02010,0.02000,0.02000,0.02000,0.02000,0.02000,0.01833,0.01833,0.01833,0.01833,0.01833,0.01733,0.01733,0.01733,0.01733,0.01733,0.01695,0.01695,0.01695,0.01695,0.01695,0.01625,0.01625,0.01625,0.01625,0.01625,0.01617,0.01617,0.01617,0.01617,0.01617,0.01643,0.01643,0.01643,0.01643,0.01643,0.01572,0.01572,0.01572,0.01572,0.01572,0.01510,0.01510,0.01510,0.01510,0.01510,0.01477,0.01477,0.01477,0.01477,0.01477,0.01408,0.01408,0.01408,0.01408,0.01408,0.01339,0.01339,0.01339,0.01339,0.01339,0.01286,0.01286,0.01286,0.01286,0.01286,0.01251,0.01251,0.01251,0.01251,0.01251,0.01251
0.02075,0.00977,0.00977,0.00977,0.00977,0.00977,0.01111,0.01111,0.01111,0.01111,0.01111,0.01066,0.01066,0.01066,0.01066,0.01066,0.00962,0.00962,0.00962,0.00962,0.00962,0.00851,0.00851,0.00851,0.00851,0.00851,0.00862,0.00862,0.00862,0.00862,0.00862,0.00959,0.00959,0.00959,0.00959,0.00959,0.01058,0.01058,0.01058,0.01058,0.01058,0.01104,0.01104,0.01104,0.01104,0.01104,0.01077,0.01077,0.01077,0.01077,0.01077,0.00985,0.00985,0.00985,0.00985,0.00985,0.00961,0.00961,0.00961,0.00961,0.00961,0.00958,0.00958,0.00958,0.00958,0.00958,0.00982,0.00982,0.00982,0.00982,0.00982,0.01007,0.01007,0.01007,0.01007,0.01007,0.01015,0.01015,0.01015,0.01015,0.01015,0.01015
-0.07387,0.00974,0.00974,0.00974,0.00974,0.00974,0.01001,0.01001,0.01001,0.01001,0.01001,0.01014,0.01014,0.01014,0.01014,0.01014,0.01044,0.01044,0.01044,0.01044,0.01044,0.01114,0.01114,0.01114,0.01114,0.01114,0.01193,0.01193,0.01193,0.01193,0.01193,0.01271,0.01271,0.01271,0.01271,0.01271,0.01328,0.01328,0.01328,0.01328,0.01328,0.01337,0.01337,0.01337,0.01337,0.01337,0.01269,0.01269,0.01269,0.01269,0.01269,0.01205,0.01205,0.01205,0.01205,0.01205,0.01197,0.01197,0.01197,0.01197,0.01197,0.01176,0.01176,0.01176,0.01176,0.01176,0.01170,0.01170,0.01170,0.01170,0.01170,0.01165,0.01165,0.01165,0.01165,0.01165,0.01151,0.01151,0.01151,0.01151,0.01151,0.01151
-0.00664,0.02020,0.02020,0.02020,0.02020,0.02020,0.01684,0.01684,0.01684,0.01684,0.01684,0.01721,0.01721,0.01721,0.01721,0.01721,0.01649,0.01649,0.01649,0.01649,0.01649,0.01432,0.01432,0.01432,0.01432,0.01432,0.01127,0.01127,0.01127,0.01127,0.01127,0.00945,0.00945,0.00945,0.00945,0.00945,0.01006,0.01006,0.01006,0.01006,0.01006,0.01176,0.01176,0.01176,0.01176,0.01176,0.01239,0.01239,0.01239,0.01239,0.01239,0.01120,0.01120,0.01120,0.01120,0.01120,0.00957,0.00957,0.00957,0.00957,0.00957,0.00860,0.00860,0.00860,0.00860,0.00860,0.00814,0.00814,0.00814,0.00814,0.00814,0.00836,0.00836,0.00836,0.00836,0.00836,0.00874,0.00874,0.00874,0.00874,0.00874,0.00874
-0.01079,0.00758,0.00758,0.00758,0.00758,0.00758,0.00526,0.00526,0.00526,0.00526,0.00526,0.00441,0.00441,0.00441,0.00441,0.00441,0.00407,0.00407,0.00407,0.00407,0.00407,0.00355,0.00355,0.00355,0.00355,0.00355,0.00337,0.00337,0.00337,0.00337,0.00337,0.00383,0.00383,0.00383,0.00383,0.00383,0.00391,0.00391,0.00391,0.00391,0.00391,0.00414,0.00414,0.00414,0.00414,0.00414,0.00439,0.00439,0.00439,0.00439,0.00439,0.00547,0.00547,0.00547,0.00547,0.00547,0.00617,0.00617,0.00617,0.00617,0.00617,0.00647,0.00647,0.00647,0.00647,0.00647,0.00659,0.00659,0.00659,0.00659,0.00659,0.00687,0.00687,0.00687,0.00687,0.00687,0.00727,0.00727,0.00727,0.00727,0.00727,0.00727
-0.02988,0.02524,0.02524,0.02524,0.02524,0.02524,0.02282,0.02282,0.02282,0.02282,0.02282,0.01902,0.01902,0.01902,0.01902,0.01902,0.01628,0.01628,0.01628,0.01628,0.01628,0.01453,0.01453,0.01453,0.01453,0.01453,0.01238,0.01238,0.01238,0.01238,0.01238,0.01125,0.01125,0.01125,0.01125,0.01125,0.01254,0.01254,0.01254,0.01254,0.01254,0.01338,0.01338,0.01338,0.01338,0.01338,0.01262,0.01262,0.01262,0.01262,0.01262,0.01162,0.01162,0.01162,0.01162,0.01162,0.01183,0.01183,0.01183,0.01183,0.01183,0.01114,0.01114,0.01114,0.01114,0.01114,0.01060,0.01060,0.01060,0.01060,0.01060,0.01030,0.01030,0.01030,0.01030,0.01030,0.01020,0.01020,0.01020,0.01020,0.01020,0.01020
-0.05810,0.01763,0.01763,0.01763,0.01763,0.01763,0.01856,0.01856,0.01856,0.01856,0.01856,0.01876,0.01876,0.01876,0.01876,0.01876,0.01714,0.01714,0.01714,0.01714,0.01714,0.01471,0.01471,0.01471,0.01471,0.01471,0.01276,0.01276,0.01276,0.01276,0.01276,0.01114,0.01114,0.01114,0.01114,0.01114,0.01041,0.01041,0.01041,0.01041,0.01041,0.01083,0.01083,0.01083,0.01083,0.01083,0.01121,0.01121,0.01121,0.01121,0.01121,0.01096,0.01096,0.01096,0.01096,0.01096,0.01022,0.01022,0.01022,0.01022,0.01022,0.00977,0.00977,0.00977,0.00977,0.00977,0.00922,0.00922,0.00922,0.00922,0.00922,0.00902,0.00902,0.00902,0.00902,0.00902,0.00904,0.00904,0.00904,0.00904,0.00904,0.00904
-0.03154,0.01002,0.01002,0.01002,0.01002,0.01002,0.00988,0.00988,0.00988,0.00988,0.00988,0.01024,0.01024,0.01024,0.01024,0.01024,0.01140,0.01140,0.01140,0.01140,0.01140,0.01220,0.01220,0.01220,0.01220,0.01220,0.01189,0.01189,0.01189,0.01189,0.01189,0.01124,0.01124,0.01124,0.01124,0.01124,0.01086,0.01086,0.01086,0.01086,0.01086,0.01052,0.01052,0.01052,0.01052,0.01052,0.01009,0.01009,0.01009,0.01009,0.01009,0.01000,0.01000,0.01000,0.01000,0.01000,0.00997,0.00997,0.00997,0.00997,0.00997,0.00985,0.00985,0.00985,0.00985,0.00985,0.00968,0.00968,0.00968,0.00968,0.00968,0.00950,0.00950,0.00950,0.00950,0.00950,0.00959,0.00959,0.00959,0.00959,0.00959,0.00959
-0.00664,0.00442,0.00442,0.00442,0.00442,0.00442,0.00480,0.00480,0.00480,0.00480,0.00480,0.00484,0.00484,0.00484,0.00484,0.00484,0.00450,0.00450,0.00450,0.00450,0.00450,0.00474,0.00474,0.00474,0.00474,0.00474,0.00635,0.00635,0.00635,0.00635,0.00635,0.00770,0.00770,0.00770,0.00770,0.00770,0.00836,0.00836,0.00836,0.00836,0.00836,0.00932,0.00932,0.00932,0.00932,0.00932,0.01000,0.01000,0.01000,0.01000,0.01000,0.01006,0.01006,0.01006,0.01006,0.01006,0.01012,0.01012,0.01012,0.01012,0.01012,0.00996,0.00996,0.00996,0.00996,0.00996,0.00979,0.00979,0.00979,0.00979,0.00979,0.00982,0.00982,0.00982,0.00982,0.00982,0.01006,0.01006,0.01006,0.01006,0.01006,0.01006
-0.02241,0.02178,0.02178,0.02178,0.02178,0.02178,0.01906,0.01906,0.01906,0.01906,0.01906,0.01795,0.01795,0.01795,0.01795,0.01795,0.01603,0.01603,0.01603,0.01603,0.01603,0.01333,0.01333,0.01333,0.01333,0.01333,0.01125,0.01125,0.01125,0.01125,0.01125,0.01068,0.01068,0.01068,0.01068,0.01068,0.01120,0.01120,0.01120,0.01120,0.01120,0.01232,0.01232,0.01232,0.01232,0.01232,0.01277,0.01277,0.01277,0.01277,0.01277,0.01211,0.01211,0.01211,0.01211,0.01211,0.01124,0.01124,0.01124,0.01124,0.01124,0.01052,0.01052,0.01052,0.01052,0.01052,0.01010,0.01010,0.01010,0.01010,0.01010,0.01015,0.01015,0.01015,0.01015,0.01015,0.01043,0.01043,0.01043,0.01043,0.01043,0.01043
-0.06308,0.01357,0.01357,0.01357,0.01357,0.01357,0.01341,0.01341,0.01341,0.01341,0.01341,0.01284,0.01284,0.01284,0.01284,0.01284,0.01239,0.01239,0.01239,0.01239,0.01239,0.01266,0.01266,0.01266,0.01266,0.01266,0.01345,0.01345,0.01345,0.01345,0.01345,0.01447,0.01447,0.01447,0.01447,0.01447,0.01498,0.01498,0.01498,0.01498,0.01498,0.01493,0.01493,0.01493,0.01493,0.01493,0.01442,0.01442,0.01442,0.01442,0.01442,0.01408,0.01408,0.01408,0.01408,0.01408,0.01372,0.01372,0.01372,0.01372,0.01372,0.01333,0.01333,0.01333,0.01333,0.01333,0.01297,0.01297,0.01297,0.01297,0.01297,0.01255,0.01255,0.01255,0.01255,0.01255,0.01225,0.01225,0.01225,0.01225,0.01225,0.01225
-0.03237,0.02795,0.02795,0.02795,0.02795,0.02795,0.02472,0.02472,0.02472,0.02472,0.02472,0.02056,0.02056,0.02056,0.02056,0.02056,0.01840,0.01840,0.01840,0.01840,0.01840,0.01651,0.01651,0.01651,0.01651,0.01651,0.01590,0.01590,0.01590,0.01590,0.01590,0.01512,0.01512,0.01512,0.01512,0.01512,0.01646,0.01646,0.01646,0.01646,0.01646,0.01629,0.01629,0.01629,0.01629,0.01629,0.01588,0.01588,0.01588,0.01588,0.01588,0.01497,0.01497,0.01497,0.01497,0.01497,0.01434,0.01434,0.01434,0.01434,0.01434,0.01372,0.01372,0.01372,0.01372,0.01372,0.01315,0.01315,0.01315,0.01315,0.01315,0.01260,0.01260,0.01260,0.01260,0.01260,0.01213,0.01213,0.01213,0.01213,0.01213,0.01213
-0.02324,0.01134,0.01134,0.01134,0.01134,0.01134,0.01056,0.01056,0.01056,0.01056,0.01056,0.01045,0.01045,0.01045,0.01045,0.01045,0.01078,0.01078,0.01078,0.01078,0.01078,0.01053,0.01053,0.01053,0.01053,0.01053,0.00951,0.00951,0.00951,0.00951,0.00951,0.00833,0.00833,0.00833,0.00833,0.00833,0.00861,0.00861,0.00861,0.00861,0.00861,0.01019,0.01019,0.01019,0.01019,0.01019,0.01026,0.01026,0.01026,0.01026,0.01026,0.00976,0.00976,0.00976,0.00976,0.00976,0.00935,0.00935,0.00935,0.00935,0.00935,0.00898,0.00898,0.00898,0.00898,0.00898,0.00898,0.00898,0.00898,0.00898,0.00898,0.00938,0.00938,0.00938,0.00938,0.00938,0.00987,0.00987,0.00987,0.00987,0.00987,0.00987
-0.04565,0.01407,0.01407,0.01407,0.01407,0.01407,0.01442,0.01442,0.01442,0.01442,0.01442,0.01479,0.01479,0.01479,0.01479,0.01479,0.01424,0.01424,0.01424,0.01424,0.01424,0.01303,0.01303,0.01303,0.01303,0.01303,0.01218,0.01218,0.01218,0.01218,0.01218,0.01185,0.01185,0.01185,0.01185,0.01185,0.01217,0.01217,0.01217,0.01217,0.01217,0.01226,0.01226,0.01226,0.01226,0.01226,0.01185,0.01185,0.01185,0.01185,0.01185,0.01103,0.01103,0.01103,0.01103,0.01103,0.01044,0.01044,0.01044,0.01044,0.01044,0.01013,0.01013,0.01013,0.01013,0.01013,0.01012,0.01012,0.01012,0.01012,0.01012,0.01022,0.01022,0.01022,0.01022,0.01022,0.01013,0.01013,0.01013,0.01013,0.01013,0.01013
-0.04316,0.02076,0.02076,0.02076,0.02076,0.02076,0.01991,0.01991,0.01991,0.01991,0.01991,0.01933,0.01933,0.01933,0.01933,0.01933,0.01764,0.01764,0.01764,0.01764,0.01764,0.01529,0.01529,0.01529,0.01529,0.01529,0.01352,0.01352,0.01352,0.01352,0.01352,0.01264,0.01264,0.01264,0.01264,0.01264,0.01293,0.01293,0.01293,0.01293,0.01293,0.01370,0.01370,0.01370,0.01370,0.01370,0.01377,0.01377,0.01377,0.01377,0.01377,0.01302,0.01302,0.01302,0.01302,0.01302,0.01197,0.01197,0.01197,0.01197,0.01197,0.01114,0.01114,0.01114,0.01114,0.01114,0.01061,0.01061,0.01061,0.01061,0.01061,0.01049,0.01049,0.01049,0.01049,0.01049,0.01063,0.01063,0.01063,0.01063,0.01063,0.01063
0.01494,0.02289,0.02289,0.02289,0.02289,0.02289,0.02000,0.02000,0.02000,0.02000,0.02000,0.01812,0.01812,0.01812,0.01812,0.01812,0.01761,0.01761,0.01761,0.01761,0.01761,0.01667,0.01667,0.01667,0.01667,0.01667,0.01587,0.01587,0.01587,0.01587,0.01587,0.01561,0.01561,0.01561,0.01561,0.01561,0.01522,0.01522,0.01522,0.01522,0.01522,0.01479,0.01479,0.01479,0.01479,0.01479,0.01437,0.01437,0.01437,0.01437,0.01437,0.01381,0.01381,0.01381,0.01381,0.01381,0.01332,0.01332,0.01332,0.01332,0.01332,0.01292,0.01292,0.01292,0.01292,0.01292,0.01247,0.01247,0.01247,0.01247,0.01247,0.01201,0.01201,0.01201,0.01201,0.01201,0.01151,0.01151,0.01151,0.01151,0.01151,0.01151
-0.08217,0.01203,0.01203,0.01203,0.01203,0.01203,0.01052,0.01052,0.01052,0.01052,0.01052,0.01017,0.01017,0.01017,0.01017,0.01017,0.01071,0.01071,0.01071,0.01071,0.01071,0.01083,0.01083,0.01083,0.01083,0.01083,0.00999,0.00999,0.00999,0.00999,0.00999,0.00959,0.00959,0.00959,0.00959,0.00959,0.01017,0.01017,0.01017,0.01017,0.01017,0.01081,0.01081,0.01081,0.01081,0.01081,0.01094,0.01094,0.01094,0.01094,0.01094,0.01036,0.01036,0.01036,0.01036,0.01036,0.00991,0.00991,0.00991,0.00991,0.00991,0.00972,0.00972,0.00972,0.00972,0.00972,0.00970,0.00970,0.00970,0.00970,0.00970,0.00980,0.00980,0.00980,0.00980,0.00980,0.00997,0.00997,0.00997,0.00997,0.00997,0.00997
-0.03984,0.01133,0.01133,0.01133,0.01133,0.01133,0.01100,0.01100,0.01100,0.01100,0.01100,0.00932,0.00932,0.00932,0.00932,0.00932,0.00840,0.00840,0.00840,0.00840,0.00840,0.00896,0.00896,0.00896,0.00896,0.00896,0.00891,0.00891,0.00891,0.00891,0.00891,0.00941,0.00941,0.00941,0.00941,0.00941,0.00990,0.00990,0.00990,0.00990,0.00990,0.01016,0.01016,0.01016,0.01016,0.01016,0.01035,0.01035,0.01035,0.01035,0.01035,0.01021,0.01021,0.01021,0.01021,0.01021,0.01006,0.01006,0.01006,0.01006,0.01006,0.01045,0.01045,0.01045,0.01045,0.01045,0.01070,0.01070,0.01070,0.01070,0.01070,0.01081,0.01081,0.01081,0.01081,0.01081,0.01083,0.01083,0.01083,0.01083,0.01083,0.01083
-0.02905,0.01272,0.01272,0.01272,0.01272,0.01272,0.00987,0.00987,0.00987,0.00987,0.00987,0.00793,0.00793,0.00793,0.00793,0.00793,0.00687,0.00687,0.00687,0.00687,0.00687,0.00603,0.00603,0.00603,0.00603,0.00603,0.00502,0.00502,0.00502,0.00502,0.00502,0.00471,0.00471,0.00471,0.00471,0.00471,0.00474,0.00474,0.00474,0.00474,0.00474,0.00498,0.00498,0.00498,0.00498,0.00498,0.00469,0.00469,0.00469,0.00469,0.00469,0.00450,0.00450,0.00450,0.00450,0.00450,0.00481,0.00481,0.00481,0.00481,0.00481,0.00476,0.00476,0.00476,0.00476,0.00476,0.00472,0.00472,0.00472,0.00472,0.00472,0.00473,0.00473,0.00473,0.00473,0.00473,0.00476,0.00476,0.00476,0.00476,0.00476,0.00476
