0.001318344,0.001318344,0.001318344,0.001318344,0.001318344,0.001318344,0.000497953,0.000497953,0.000497953,0.000497953,0.000497953,-0.000385738,-0.000385738,-0.000385738,-0.000385738,-0.000385738,-0.001204812,-0.001204812,-0.001204812,-0.001204812,-0.001204812,-0.001928673,-0.001928673,-0.001928673,-0.001928673,-0.001928673,-0.002569918,-0.002569918,-0.002569918,-0.002569918,-0.002569918,-0.003123072,-0.003123072,-0.003123072,-0.003123072,-0.003123072,-0.003630815,-0.003630815,-0.003630815,-0.003630815,-0.003630815,-0.004559069,-0.004559069,-0.004559069,-0.004559069,-0.004559069,-0.005579119,-0.005579119,-0.005579119,-0.005579119,-0.005579119,-0.006593168,-0.006593168,-0.006593168,-0.006593168,-0.006593168,-0.007454394,-0.007454394,-0.007454394,-0.007454394,-0.007454394,-0.008080835,-0.008080835,-0.008080835,-0.008080835,-0.008080835,-0.008401056,-0.008401056,-0.008401056,-0.008401056,-0.008401056,-0.008490453,-0.008490453,-0.008490453,-0.008490453,-0.008490453,-0.008398476,-0.008398476,-0.008398476,-0.008398476,-0.008398476,-0.008398476
-0.003686296,-0.003686296,-0.003686296,-0.003686296,-0.003686296,-0.003686296,-0.004065601,-0.004065601,-0.004065601,-0.004065601,-0.004065601,-0.004539467,-0.004539467,-0.004539467,-0.004539467,-0.004539467,-0.005407063,-0.005407063,-0.005407063,-0.005407063,-0.005407063,-0.00645142,-0.00645142,-0.00645142,-0.00645142,-0.00645142,-0.007383103,-0.007383103,-0.007383103,-0.007383103,-0.007383103,-0.007950692,-0.007950692,-0.007950692,-0.007950692,-0.007950692,-0.008202297,-0.008202297,-0.008202297,-0.008202297,-0.008202297,-0.008013159,-0.008013159,-0.008013159,-0.008013159,-0.008013159,-0.008082233,-0.008082233,-0.008082233,-0.008082233,-0.008082233,-0.008325924,-0.008325924,-0.008325924,-0.008325924,-0.008325924,-0.008427531,-0.008427531,-0.008427531,-0.008427531,-0.008427531,-0.008132146,-0.008132146,-0.008132146,-0.008132146,-0.008132146,-0.007364421,-0.007364421,-0.007364421,-0.007364421,-0.007364421,-0.006399202,-0.006399202,-0.006399202,-0.006399202,-0.006399202,-0.005495313,-0.005495313,-0.005495313,-0.005495313,-0.005495313,-0.005495313
0.0056843,0.0056843,0.0056843,0.0056843,0.0056843,0.0056843,0.00388445,0.00388445,0.00388445,0.00388445,0.00388445,0.003144013,0.003144013,0.003144013,0.003144013,0.003144013,0.002473608,0.002473608,0.002473608,0.002473608,0.002473608,0.001241975,0.001241975,0.001241975,0.001241975,0.001241975,-9.39215E-05,-9.39215E-05,-9.39215E-05,-9.39215E-05,-9.39215E-05,-0.001141403,-0.001141403,-0.001141403,-0.001141403,-0.001141403,-0.001653368,-0.001653368,-0.001653368,-0.001653368,-0.001653368,-0.002170631,-0.002170631,-0.002170631,-0.002170631,-0.002170631,-0.002881196,-0.002881196,-0.002881196,-0.002881196,-0.002881196,-0.003701771,-0.003701771,-0.003701771,-0.003701771,-0.003701771,-0.004329224,-0.004329224,-0.004329224,-0.004329224,-0.004329224,-0.004501178,-0.004501178,-0.004501178,-0.004501178,-0.004501178,-0.004334684,-0.004334684,-0.004334684,-0.004334684,-0.004334684,-0.004254274,-0.004254274,-0.004254274,-0.004254274,-0.004254274,-0.004578617,-0.004578617,-0.004578617,-0.004578617,-0.004578617,-0.004578617
0.009518278,0.009518278,0.009518278,0.009518278,0.009518278,0.009518278,0.007747879,0.007747879,0.007747879,0.007747879,0.007747879,0.006097375,0.006097375,0.006097375,0.006097375,0.006097375,0.004622659,0.004622659,0.004622659,0.004622659,0.004622659,0.003133929,0.003133929,0.003133929,0.003133929,0.003133929,0.001715954,0.001715954,0.001715954,0.001715954,0.001715954,0.000335315,0.000335315,0.000335315,0.000335315,0.000335315,-0.000976564,-0.000976564,-0.000976564,-0.000976564,-0.000976564,-0.001965144,-0.001965144,-0.001965144,-0.001965144,-0.001965144,-0.002695345,-0.002695345,-0.002695345,-0.002695345,-0.002695345,-0.003342048,-0.003342048,-0.003342048,-0.003342048,-0.003342048,-0.003898702,-0.003898702,-0.003898702,-0.003898702,-0.003898702,-0.004347669,-0.004347669,-0.004347669,-0.004347669,-0.004347669,-0.004647847,-0.004647847,-0.004647847,-0.004647847,-0.004647847,-0.004785664,-0.004785664,-0.004785664,-0.004785664,-0.004785664,-0.004824088,-0.004824088,-0.004824088,-0.004824088,-0.004824088,-0.004824088
-0.003745642,-0.003745642,-0.003745642,-0.003745642,-0.003745642,-0.003745642,-0.004049124,-0.004049124,-0.004049124,-0.004049124,-0.004049124,-0.00409094,-0.00409094,-0.00409094,-0.00409094,-0.00409094,-0.003977349,-0.003977349,-0.003977349,-0.003977349,-0.003977349,-0.004081631,-0.004081631,-0.004081631,-0.004081631,-0.004081631,-0.004411375,-0.004411375,-0.004411375,-0.004411375,-0.004411375,-0.004770097,-0.004770097,-0.004770097,-0.004770097,-0.004770097,-0.005012229,-0.005012229,-0.005012229,-0.005012229,-0.005012229,-0.005332596,-0.005332596,-0.005332596,-0.005332596,-0.005332596,-0.005522707,-0.005522707,-0.005522707,-0.005522707,-0.005522707,-0.005690066,-0.005690066,-0.005690066,-0.005690066,-0.005690066,-0.005837395,-0.005837395,-0.005837395,-0.005837395,-0.005837395,-0.005892684,-0.005892684,-0.005892684,-0.005892684,-0.005892684,-0.005751099,-0.005751099,-0.005751099,-0.005751099,-0.005751099,-0.00555954,-0.00555954,-0.00555954,-0.00555954,-0.00555954,-0.005511407,-0.005511407,-0.005511407,-0.005511407,-0.005511407,-0.005511407
0.02299155,0.02299155,0.02299155,0.02299155,0.02299155,0.02299155,0.020161085,0.020161085,0.020161085,0.020161085,0.020161085,0.017834908,0.017834908,0.017834908,0.017834908,0.017834908,0.015918673,0.015918673,0.015918673,0.015918673,0.015918673,0.014142349,0.014142349,0.014142349,0.014142349,0.014142349,0.012284269,0.012284269,0.012284269,0.012284269,0.012284269,0.010387539,0.010387539,0.010387539,0.010387539,0.010387539,0.008907469,0.008907469,0.008907469,0.008907469,0.008907469,0.007612548,0.007612548,0.007612548,0.007612548,0.007612548,0.006318249,0.006318249,0.006318249,0.006318249,0.006318249,0.005246491,0.005246491,0.005246491,0.005246491,0.005246491,0.003965453,0.003965453,0.003965453,0.003965453,0.003965453,0.002746207,0.002746207,0.002746207,0.002746207,0.002746207,0.001727977,0.001727977,0.001727977,0.001727977,0.001727977,0.000799324,0.000799324,0.000799324,0.000799324,0.000799324,0.000128442,0.000128442,0.000128442,0.000128442,0.000128442,0.000128442
0.011405785,0.011405785,0.011405785,0.011405785,0.011405785,0.011405785,0.009829062,0.009829062,0.009829062,0.009829062,0.009829062,0.008228339,0.008228339,0.008228339,0.008228339,0.008228339,0.006834889,0.006834889,0.006834889,0.006834889,0.006834889,0.005505966,0.005505966,0.005505966,0.005505966,0.005505966,0.00436741,0.00436741,0.00436741,0.00436741,0.00436741,0.003122936,0.003122936,0.003122936,0.003122936,0.003122936,0.002069953,0.002069953,0.002069953,0.002069953,0.002069953,0.00135704,0.00135704,0.00135704,0.00135704,0.00135704,0.000788196,0.000788196,0.000788196,0.000788196,0.000788196,0.000209593,0.000209593,0.000209593,0.000209593,0.000209593,-0.0003955,-0.0003955,-0.0003955,-0.0003955,-0.0003955,-0.000799249,-0.000799249,-0.000799249,-0.000799249,-0.000799249,-0.001041657,-0.001041657,-0.001041657,-0.001041657,-0.001041657,-0.001184633,-0.001184633,-0.001184633,-0.001184633,-0.001184633,-0.001368946,-0.001368946,-0.001368946,-0.001368946,-0.001368946,-0.001368946
0.006258443,0.006258443,0.006258443,0.006258443,0.006258443,0.006258443,0.004917607,0.004917607,0.004917607,0.004917607,0.004917607,0.00367279,0.00367279,0.00367279,0.00367279,0.00367279,0.002542328,0.002542328,0.002542328,0.002542328,0.002542328,0.001467003,0.001467003,0.001467003,0.001467003,0.001467003,0.00029071,0.00029071,0.00029071,0.00029071,0.00029071,-0.000920942,-0.000920942,-0.000920942,-0.000920942,-0.000920942,-0.001859139,-0.001859139,-0.001859139,-0.001859139,-0.001859139,-0.00274145,-0.00274145,-0.00274145,-0.00274145,-0.00274145,-0.003542784,-0.003542784,-0.003542784,-0.003542784,-0.003542784,-0.004304016,-0.004304016,-0.004304016,-0.004304016,-0.004304016,-0.004908291,-0.004908291,-0.004908291,-0.004908291,-0.004908291,-0.005392652,-0.005392652,-0.005392652,-0.005392652,-0.005392652,-0.005713584,-0.005713584,-0.005713584,-0.005713584,-0.005713584,-0.00592763,-0.00592763,-0.00592763,-0.00592763,-0.00592763,-0.006092643,-0.006092643,-0.006092643,-0.006092643,-0.006092643,-0.006092643
0.024787042,0.024787042,0.024787042,0.024787042,0.024787042,0.024787042,0.022853855,0.022853855,0.022853855,0.022853855,0.022853855,0.02066727,0.02066727,0.02066727,0.02066727,0.02066727,0.018517863,0.018517863,0.018517863,0.018517863,0.018517863,0.016300675,0.016300675,0.016300675,0.016300675,0.016300675,0.014478886,0.014478886,0.014478886,0.014478886,0.014478886,0.012693164,0.012693164,0.012693164,0.012693164,0.012693164,0.01096939,0.01096939,0.01096939,0.01096939,0.01096939,0.009488804,0.009488804,0.009488804,0.009488804,0.009488804,0.008417798,0.008417798,0.008417798,0.008417798,0.008417798,0.00727837,0.00727837,0.00727837,0.00727837,0.00727837,0.006366415,0.006366415,0.006366415,0.006366415,0.006366415,0.005479614,0.005479614,0.005479614,0.005479614,0.005479614,0.004617807,0.004617807,0.004617807,0.004617807,0.004617807,0.00385844,0.00385844,0.00385844,0.00385844,0.00385844,0.003117729,0.003117729,0.003117729,0.003117729,0.003117729,0.003117729
0.00738602,0.00738602,0.00738602,0.00738602,0.00738602,0.00738602,0.005716875,0.005716875,0.005716875,0.005716875,0.005716875,0.004282657,0.004282657,0.004282657,0.004282657,0.004282657,0.003139608,0.003139608,0.003139608,0.003139608,0.003139608,0.002398982,0.002398982,0.002398982,0.002398982,0.002398982,0.001347921,0.001347921,0.001347921,0.001347921,0.001347921,0.000137388,0.000137388,0.000137388,0.000137388,0.000137388,-0.000992273,-0.000992273,-0.000992273,-0.000992273,-0.000992273,-0.001759749,-0.001759749,-0.001759749,-0.001759749,-0.001759749,-0.002184124,-0.002184124,-0.002184124,-0.002184124,-0.002184124,-0.002612504,-0.002612504,-0.002612504,-0.002612504,-0.002612504,-0.003022512,-0.003022512,-0.003022512,-0.003022512,-0.003022512,-0.003140425,-0.003140425,-0.003140425,-0.003140425,-0.003140425,-0.003255796,-0.003255796,-0.003255796,-0.003255796,-0.003255796,-0.003044373,-0.003044373,-0.003044373,-0.003044373,-0.003044373,-0.002862144,-0.002862144,-0.002862144,-0.002862144,-0.002862144,-0.002862144
0.015264136,0.015264136,0.015264136,0.015264136,0.015264136,0.015264136,0.013724729,0.013724729,0.013724729,0.013724729,0.013724729,0.01230104,0.01230104,0.01230104,0.01230104,0.01230104,0.01067409,0.01067409,0.01067409,0.01067409,0.01067409,0.008715485,0.008715485,0.008715485,0.008715485,0.008715485,0.007256329,0.007256329,0.007256329,0.007256329,0.007256329,0.006012954,0.006012954,0.006012954,0.006012954,0.006012954,0.004676349,0.004676349,0.004676349,0.004676349,0.004676349,0.003557986,0.003557986,0.003557986,0.003557986,0.003557986,0.002638654,0.002638654,0.002638654,0.002638654,0.002638654,0.001875767,0.001875767,0.001875767,0.001875767,0.001875767,0.000954664,0.000954664,0.000954664,0.000954664,0.000954664,0.000105137,0.000105137,0.000105137,0.000105137,0.000105137,-0.000722914,-0.000722914,-0.000722914,-0.000722914,-0.000722914,-0.001200733,-0.001200733,-0.001200733,-0.001200733,-0.001200733,-0.001811318,-0.001811318,-0.001811318,-0.001811318,-0.001811318,-0.001811318
0.000856451,0.000856451,0.000856451,0.000856451,0.000856451,0.000856451,-0.000649745,-0.000649745,-0.000649745,-0.000649745,-0.000649745,-0.002237374,-0.002237374,-0.002237374,-0.002237374,-0.002237374,-0.003791709,-0.003791709,-0.003791709,-0.003791709,-0.003791709,-0.005199679,-0.005199679,-0.005199679,-0.005199679,-0.005199679,-0.006517851,-0.006517851,-0.006517851,-0.006517851,-0.006517851,-0.007675153,-0.007675153,-0.007675153,-0.007675153,-0.007675153,-0.008640391,-0.008640391,-0.008640391,-0.008640391,-0.008640391,-0.009341314,-0.009341314,-0.009341314,-0.009341314,-0.009341314,-0.009789085,-0.009789085,-0.009789085,-0.009789085,-0.009789085,-0.010208691,-0.010208691,-0.010208691,-0.010208691,-0.010208691,-0.010670368,-0.010670368,-0.010670368,-0.010670368,-0.010670368,-0.010995576,-0.010995576,-0.010995576,-0.010995576,-0.010995576,-0.010967677,-0.010967677,-0.010967677,-0.010967677,-0.010967677,-0.010656172,-0.010656172,-0.010656172,-0.010656172,-0.010656172,-0.01025674,-0.01025674,-0.01025674,-0.01025674,-0.01025674,-0.01025674
0.010064869,0.010064869,0.010064869,0.010064869,0.010064869,0.010064869,0.008636298,0.008636298,0.008636298,0.008636298,0.008636298,0.007202392,0.007202392,0.007202392,0.007202392,0.007202392,0.005993782,0.005993782,0.005993782,0.005993782,0.005993782,0.004886222,0.004886222,0.004886222,0.004886222,0.004886222,0.003687001,0.003687001,0.003687001,0.003687001,0.003687001,0.002593004,0.002593004,0.002593004,0.002593004,0.002593004,0.001736539,0.001736539,0.001736539,0.001736539,0.001736539,0.000818787,0.000818787,0.000818787,0.000818787,0.000818787,6.99409E-05,6.99409E-05,6.99409E-05,6.99409E-05,6.99409E-05,-0.000657067,-0.000657067,-0.000657067,-0.000657067,-0.000657067,-0.001413382,-0.001413382,-0.001413382,-0.001413382,-0.001413382,-0.002109673,-0.002109673,-0.002109673,-0.002109673,-0.002109673,-0.002572086,-0.002572086,-0.002572086,-0.002572086,-0.002572086,-0.002969879,-0.002969879,-0.002969879,-0.002969879,-0.002969879,-0.003339498,-0.003339498,-0.003339498,-0.003339498,-0.003339498,-0.003339498
0.013109989,0.013109989,0.013109989,0.013109989,0.013109989,0.013109989,0.011619688,0.011619688,0.011619688,0.011619688,0.011619688,0.010245519,0.010245519,0.010245519,0.010245519,0.010245519,0.008624748,0.008624748,0.008624748,0.008624748,0.008624748,0.006962583,0.006962583,0.006962583,0.006962583,0.006962583,0.005627393,0.005627393,0.005627393,0.005627393,0.005627393,0.00430056,0.00430056,0.00430056,0.00430056,0.00430056,0.003286507,0.003286507,0.003286507,0.003286507,0.003286507,0.002730464,0.002730464,0.002730464,0.002730464,0.002730464,0.002013417,0.002013417,0.002013417,0.002013417,0.002013417,0.001377668,0.001377668,0.001377668,0.001377668,0.001377668,0.000751817,0.000751817,0.000751817,0.000751817,0.000751817,0.000141952,0.000141952,0.000141952,0.000141952,0.000141952,-0.000189337,-0.000189337,-0.000189337,-0.000189337,-0.000189337,-0.000650218,-0.000650218,-0.000650218,-0.000650218,-0.000650218,-0.000868379,-0.000868379,-0.000868379,-0.000868379,-0.000868379,-0.000868379
0.012756269,0.012756269,0.012756269,0.012756269,0.012756269,0.012756269,0.011114528,0.011114528,0.011114528,0.011114528,0.011114528,0.009770798,0.009770798,0.009770798,0.009770798,0.009770798,0.008544696,0.008544696,0.008544696,0.008544696,0.008544696,0.007310109,0.007310109,0.007310109,0.007310109,0.007310109,0.005965455,0.005965455,0.005965455,0.005965455,0.005965455,0.004930498,0.004930498,0.004930498,0.004930498,0.004930498,0.003969243,0.003969243,0.003969243,0.003969243,0.003969243,0.00299607,0.00299607,0.00299607,0.00299607,0.00299607,0.001927059,0.001927059,0.001927059,0.001927059,0.001927059,0.000909237,0.000909237,0.000909237,0.000909237,0.000909237,0.0001962,0.0001962,0.0001962,0.0001962,0.0001962,-0.000444992,-0.000444992,-0.000444992,-0.000444992,-0.000444992,-0.000959915,-0.000959915,-0.000959915,-0.000959915,-0.000959915,-0.001558307,-0.001558307,-0.001558307,-0.001558307,-0.001558307,-0.001970725,-0.001970725,-0.001970725,-0.001970725,-0.001970725,-0.001970725
0.000906264,0.000906264,0.000906264,0.000906264,0.000906264,0.000906264,-0.0005157,-0.0005157,-0.0005157,-0.0005157,-0.0005157,-0.001336645,-0.001336645,-0.001336645,-0.001336645,-0.001336645,-0.001971281,-0.001971281,-0.001971281,-0.001971281,-0.001971281,-0.002895715,-0.002895715,-0.002895715,-0.002895715,-0.002895715,-0.003885846,-0.003885846,-0.003885846,-0.003885846,-0.003885846,-0.004848168,-0.004848168,-0.004848168,-0.004848168,-0.004848168,-0.005600712,-0.005600712,-0.005600712,-0.005600712,-0.005600712,-0.005482453,-0.005482453,-0.005482453,-0.005482453,-0.005482453,-0.005359219,-0.005359219,-0.005359219,-0.005359219,-0.005359219,-0.00532976,-0.00532976,-0.00532976,-0.00532976,-0.00532976,-0.005069542,-0.005069542,-0.005069542,-0.005069542,-0.005069542,-0.004836609,-0.004836609,-0.004836609,-0.004836609,-0.004836609,-0.004580505,-0.004580505,-0.004580505,-0.004580505,-0.004580505,-0.004198348,-0.004198348,-0.004198348,-0.004198348,-0.004198348,-0.003665962,-0.003665962,-0.003665962,-0.003665962,-0.003665962,-0.003665962
0.019905834,0.019905834,0.019905834,0.019905834,0.019905834,0.019905834,0.017463202,0.017463202,0.017463202,0.017463202,0.017463202,0.015066409,0.015066409,0.015066409,0.015066409,0.015066409,0.013144131,0.013144131,0.013144131,0.013144131,0.013144131,0.011589714,0.011589714,0.011589714,0.011589714,0.011589714,0.010070017,0.010070017,0.010070017,0.010070017,0.010070017,0.008754039,0.008754039,0.008754039,0.008754039,0.008754039,0.00739574,0.00739574,0.00739574,0.00739574,0.00739574,0.006005555,0.006005555,0.006005555,0.006005555,0.006005555,0.00487715,0.00487715,0.00487715,0.00487715,0.00487715,0.003812223,0.003812223,0.003812223,0.003812223,0.003812223,0.002794881,0.002794881,0.002794881,0.002794881,0.002794881,0.001986052,0.001986052,0.001986052,0.001986052,0.001986052,0.001120773,0.001120773,0.001120773,0.001120773,0.001120773,0.000493662,0.000493662,0.000493662,0.000493662,0.000493662,-0.000234988,-0.000234988,-0.000234988,-0.000234988,-0.000234988,-0.000234988
0.018527727,0.018527727,0.018527727,0.018527727,0.018527727,0.018527727,0.016790745,0.016790745,0.016790745,0.016790745,0.016790745,0.015289477,0.015289477,0.015289477,0.015289477,0.015289477,0.013735755,0.013735755,0.013735755,0.013735755,0.013735755,0.012028078,0.012028078,0.012028078,0.012028078,0.012028078,0.010315562,0.010315562,0.010315562,0.010315562,0.010315562,0.008653811,0.008653811,0.008653811,0.008653811,0.008653811,0.007495224,0.007495224,0.007495224,0.007495224,0.007495224,0.006537201,0.006537201,0.006537201,0.006537201,0.006537201,0.005577578,0.005577578,0.005577578,0.005577578,0.005577578,0.00471799,0.00471799,0.00471799,0.00471799,0.00471799,0.003712567,0.003712567,0.003712567,0.003712567,0.003712567,0.002875735,0.002875735,0.002875735,0.002875735,0.002875735,0.001971129,0.001971129,0.001971129,0.001971129,0.001971129,0.001227559,0.001227559,0.001227559,0.001227559,0.001227559,0.00069603,0.00069603,0.00069603,0.00069603,0.00069603,0.00069603
0.016306423,0.016306423,0.016306423,0.016306423,0.016306423,0.016306423,0.014550506,0.014550506,0.014550506,0.014550506,0.014550506,0.012639928,0.012639928,0.012639928,0.012639928,0.012639928,0.010698637,0.010698637,0.010698637,0.010698637,0.010698637,0.009319645,0.009319645,0.009319645,0.009319645,0.009319645,0.007930583,0.007930583,0.007930583,0.007930583,0.007930583,0.006687997,0.006687997,0.006687997,0.006687997,0.006687997,0.005371345,0.005371345,0.005371345,0.005371345,0.005371345,0.00471667,0.00471667,0.00471667,0.00471667,0.00471667,0.004060667,0.004060667,0.004060667,0.004060667,0.004060667,0.003174586,0.003174586,0.003174586,0.003174586,0.003174586,0.002438021,0.002438021,0.002438021,0.002438021,0.002438021,0.001624625,0.001624625,0.001624625,0.001624625,0.001624625,0.001024274,0.001024274,0.001024274,0.001024274,0.001024274,0.000383991,0.000383991,0.000383991,0.000383991,0.000383991,-0.000193946,-0.000193946,-0.000193946,-0.000193946,-0.000193946,-0.000193946
0.01365344,0.01365344,0.01365344,0.01365344,0.01365344,0.01365344,0.011643764,0.011643764,0.011643764,0.011643764,0.011643764,0.009897492,0.009897492,0.009897492,0.009897492,0.009897492,0.0081757,0.0081757,0.0081757,0.0081757,0.0081757,0.006571665,0.006571665,0.006571665,0.006571665,0.006571665,0.004991437,0.004991437,0.004991437,0.004991437,0.004991437,0.003472711,0.003472711,0.003472711,0.003472711,0.003472711,0.002362294,0.002362294,0.002362294,0.002362294,0.002362294,0.002136826,0.002136826,0.002136826,0.002136826,0.002136826,0.001809815,0.001809815,0.001809815,0.001809815,0.001809815,0.001565608,0.001565608,0.001565608,0.001565608,0.001565608,0.001073161,0.001073161,0.001073161,0.001073161,0.001073161,0.000704007,0.000704007,0.000704007,0.000704007,0.000704007,0.000330704,0.000330704,0.000330704,0.000330704,0.000330704,0.000186833,0.000186833,0.000186833,0.000186833,0.000186833,5.67048E-05,5.67048E-05,5.67048E-05,5.67048E-05,5.67048E-05,5.67048E-05
0.013070032,0.013070032,0.013070032,0.013070032,0.013070032,0.013070032,0.01107271,0.01107271,0.01107271,0.01107271,0.01107271,0.00954043,0.00954043,0.00954043,0.00954043,0.00954043,0.00814626,0.00814626,0.00814626,0.00814626,0.00814626,0.006621254,0.006621254,0.006621254,0.006621254,0.006621254,0.005273654,0.005273654,0.005273654,0.005273654,0.005273654,0.004206762,0.004206762,0.004206762,0.004206762,0.004206762,0.003178498,0.003178498,0.003178498,0.003178498,0.003178498,0.002326453,0.002326453,0.002326453,0.002326453,0.002326453,0.001517921,0.001517921,0.001517921,0.001517921,0.001517921,0.000752547,0.000752547,0.000752547,0.000752547,0.000752547,0.000188822,0.000188822,0.000188822,0.000188822,0.000188822,-0.000408762,-0.000408762,-0.000408762,-0.000408762,-0.000408762,-0.000927154,-0.000927154,-0.000927154,-0.000927154,-0.000927154,-0.001410702,-0.001410702,-0.001410702,-0.001410702,-0.001410702,-0.001600842,-0.001600842,-0.001600842,-0.001600842,-0.001600842,-0.001600842
0.010397813,0.010397813,0.010397813,0.010397813,0.010397813,0.010397813,0.00898012,0.00898012,0.00898012,0.00898012,0.00898012,0.007963602,0.007963602,0.007963602,0.007963602,0.007963602,0.006877245,0.006877245,0.006877245,0.006877245,0.006877245,0.005847521,0.005847521,0.005847521,0.005847521,0.005847521,0.00458699,0.00458699,0.00458699,0.00458699,0.00458699,0.003305524,0.003305524,0.003305524,0.003305524,0.003305524,0.001882538,0.001882538,0.001882538,0.001882538,0.001882538,0.000620634,0.000620634,0.000620634,0.000620634,0.000620634,-0.00040046,-0.00040046,-0.00040046,-0.00040046,-0.00040046,-0.001401508,-0.001401508,-0.001401508,-0.001401508,-0.001401508,-0.002386771,-0.002386771,-0.002386771,-0.002386771,-0.002386771,-0.003324191,-0.003324191,-0.003324191,-0.003324191,-0.003324191,-0.004047406,-0.004047406,-0.004047406,-0.004047406,-0.004047406,-0.004735743,-0.004735743,-0.004735743,-0.004735743,-0.004735743,-0.005158106,-0.005158106,-0.005158106,-0.005158106,-0.005158106,-0.005158106
0.00655477,0.00655477,0.00655477,0.00655477,0.00655477,0.00655477,0.005102154,0.005102154,0.005102154,0.005102154,0.005102154,0.003834974,0.003834974,0.003834974,0.003834974,0.003834974,0.002527313,0.002527313,0.002527313,0.002527313,0.002527313,0.001145466,0.001145466,0.001145466,0.001145466,0.001145466,-0.000302551,-0.000302551,-0.000302551,-0.000302551,-0.000302551,-0.001401931,-0.001401931,-0.001401931,-0.001401931,-0.001401931,-0.002465429,-0.002465429,-0.002465429,-0.002465429,-0.002465429,-0.00340516,-0.00340516,-0.00340516,-0.00340516,-0.00340516,-0.00420843,-0.00420843,-0.00420843,-0.00420843,-0.00420843,-0.004869911,-0.004869911,-0.004869911,-0.004869911,-0.004869911,-0.005392698,-0.005392698,-0.005392698,-0.005392698,-0.005392698,-0.005801614,-0.005801614,-0.005801614,-0.005801614,-0.005801614,-0.00613107,-0.00613107,-0.00613107,-0.00613107,-0.00613107,-0.00639929,-0.00639929,-0.00639929,-0.00639929,-0.00639929,-0.006615415,-0.006615415,-0.006615415,-0.006615415,-0.006615415,-0.006615415
0.00222061,0.00222061,0.00222061,0.00222061,0.00222061,0.00222061,0.000821592,0.000821592,0.000821592,0.000821592,0.000821592,-0.000247896,-0.000247896,-0.000247896,-0.000247896,-0.000247896,-0.001193531,-0.001193531,-0.001193531,-0.001193531,-0.001193531,-0.002044547,-0.002044547,-0.002044547,-0.002044547,-0.002044547,-0.00313605,-0.00313605,-0.00313605,-0.00313605,-0.00313605,-0.004265905,-0.004265905,-0.004265905,-0.004265905,-0.004265905,-0.004988396,-0.004988396,-0.004988396,-0.004988396,-0.004988396,-0.004925142,-0.004925142,-0.004925142,-0.004925142,-0.004925142,-0.004623167,-0.004623167,-0.004623167,-0.004623167,-0.004623167,-0.004342593,-0.004342593,-0.004342593,-0.004342593,-0.004342593,-0.004251412,-0.004251412,-0.004251412,-0.004251412,-0.004251412,-0.004311065,-0.004311065,-0.004311065,-0.004311065,-0.004311065,-0.004168295,-0.004168295,-0.004168295,-0.004168295,-0.004168295,-0.00393841,-0.00393841,-0.00393841,-0.00393841,-0.00393841,-0.003567058,-0.003567058,-0.003567058,-0.003567058,-0.003567058,-0.003567058
0.022452185,0.022452185,0.022452185,0.022452185,0.022452185,0.022452185,0.019880526,0.019880526,0.019880526,0.019880526,0.019880526,0.017687834,0.017687834,0.017687834,0.017687834,0.017687834,0.015760032,0.015760032,0.015760032,0.015760032,0.015760032,0.013913104,0.013913104,0.013913104,0.013913104,0.013913104,0.012333999,0.012333999,0.012333999,0.012333999,0.012333999,0.010707924,0.010707924,0.010707924,0.010707924,0.010707924,0.009144848,0.009144848,0.009144848,0.009144848,0.009144848,0.007311847,0.007311847,0.007311847,0.007311847,0.007311847,0.0054624,0.0054624,0.0054624,0.0054624,0.0054624,0.003774237,0.003774237,0.003774237,0.003774237,0.003774237,0.002410687,0.002410687,0.002410687,0.002410687,0.002410687,0.001134789,0.001134789,0.001134789,0.001134789,0.001134789,2.04092E-05,2.04092E-05,2.04092E-05,2.04092E-05,2.04092E-05,-0.001065068,-0.001065068,-0.001065068,-0.001065068,-0.001065068,-0.00189732,-0.00189732,-0.00189732,-0.00189732,-0.00189732,-0.00189732
0.006747374,0.006747374,0.006747374,0.006747374,0.006747374,0.006747374,0.005463906,0.005463906,0.005463906,0.005463906,0.005463906,0.004857061,0.004857061,0.004857061,0.004857061,0.004857061,0.004428086,0.004428086,0.004428086,0.004428086,0.004428086,0.003596497,0.003596497,0.003596497,0.003596497,0.003596497,0.002420272,0.002420272,0.002420272,0.002420272,0.002420272,0.001440787,0.001440787,0.001440787,0.001440787,0.001440787,0.000852832,0.000852832,0.000852832,0.000852832,0.000852832,0.00024055,0.00024055,0.00024055,0.00024055,0.00024055,-0.000440445,-0.000440445,-0.000440445,-0.000440445,-0.000440445,-0.001235921,-0.001235921,-0.001235921,-0.001235921,-0.001235921,-0.002073104,-0.002073104,-0.002073104,-0.002073104,-0.002073104,-0.002605487,-0.002605487,-0.002605487,-0.002605487,-0.002605487,-0.003015334,-0.003015334,-0.003015334,-0.003015334,-0.003015334,-0.003412472,-0.003412472,-0.003412472,-0.003412472,-0.003412472,-0.003935509,-0.003935509,-0.003935509,-0.003935509,-0.003935509,-0.003935509
0.019037658,0.019037658,0.019037658,0.019037658,0.019037658,0.019037658,0.017105186,0.017105186,0.017105186,0.017105186,0.017105186,0.015507232,0.015507232,0.015507232,0.015507232,0.015507232,0.013667451,0.013667451,0.013667451,0.013667451,0.013667451,0.011833994,0.011833994,0.011833994,0.011833994,0.011833994,0.009969152,0.009969152,0.009969152,0.009969152,0.009969152,0.008196874,0.008196874,0.008196874,0.008196874,0.008196874,0.00693269,0.00693269,0.00693269,0.00693269,0.00693269,0.006091028,0.006091028,0.006091028,0.006091028,0.006091028,0.005160949,0.005160949,0.005160949,0.005160949,0.005160949,0.00435921,0.00435921,0.00435921,0.00435921,0.00435921,0.003525038,0.003525038,0.003525038,0.003525038,0.003525038,0.002649343,0.002649343,0.002649343,0.002649343,0.002649343,0.001922045,0.001922045,0.001922045,0.001922045,0.001922045,0.001130795,0.001130795,0.001130795,0.001130795,0.001130795,0.000568812,0.000568812,0.000568812,0.000568812,0.000568812,0.000568812
0.006033269,0.006033269,0.006033269,0.006033269,0.006033269,0.006033269,0.004708735,0.004708735,0.004708735,0.004708735,0.004708735,0.003864091,0.003864091,0.003864091,0.003864091,0.003864091,0.00273327,0.00273327,0.00273327,0.00273327,0.00273327,0.001295428,0.001295428,0.001295428,0.001295428,0.001295428,3.80767E-05,3.80767E-05,3.80767E-05,3.80767E-05,3.80767E-05,-0.001000117,-0.001000117,-0.001000117,-0.001000117,-0.001000117,-0.001808223,-0.001808223,-0.001808223,-0.001808223,-0.001808223,-0.002065672,-0.002065672,-0.002065672,-0.002065672,-0.002065672,-0.002360486,-0.002360486,-0.002360486,-0.002360486,-0.002360486,-0.002886236,-0.002886236,-0.002886236,-0.002886236,-0.002886236,-0.003313523,-0.003313523,-0.003313523,-0.003313523,-0.003313523,-0.003557151,-0.003557151,-0.003557151,-0.003557151,-0.003557151,-0.003675355,-0.003675355,-0.003675355,-0.003675355,-0.003675355,-0.003490085,-0.003490085,-0.003490085,-0.003490085,-0.003490085,-0.003384879,-0.003384879,-0.003384879,-0.003384879,-0.003384879,-0.003384879
0.010892941,0.010892941,0.010892941,0.010892941,0.010892941,0.010892941,0.009014297,0.009014297,0.009014297,0.009014297,0.009014297,0.007001389,0.007001389,0.007001389,0.007001389,0.007001389,0.005499015,0.005499015,0.005499015,0.005499015,0.005499015,0.004345812,0.004345812,0.004345812,0.004345812,0.004345812,0.003406238,0.003406238,0.003406238,0.003406238,0.003406238,0.00225021,0.00225021,0.00225021,0.00225021,0.00225021,0.00081767,0.00081767,0.00081767,0.00081767,0.00081767,-0.000304231,-0.000304231,-0.000304231,-0.000304231,-0.000304231,-0.001220361,-0.001220361,-0.001220361,-0.001220361,-0.001220361,-0.001702971,-0.001702971,-0.001702971,-0.001702971,-0.001702971,-0.001948975,-0.001948975,-0.001948975,-0.001948975,-0.001948975,-0.00214559,-0.00214559,-0.00214559,-0.00214559,-0.00214559,-0.002307287,-0.002307287,-0.002307287,-0.002307287,-0.002307287,-0.002548055,-0.002548055,-0.002548055,-0.002548055,-0.002548055,-0.00274811,-0.00274811,-0.00274811,-0.00274811,-0.00274811,-0.00274811
0.022666157,0.022666157,0.022666157,0.022666157,0.022666157,0.022666157,0.020534238,0.020534238,0.020534238,0.020534238,0.020534238,0.018294794,0.018294794,0.018294794,0.018294794,0.018294794,0.016344748,0.016344748,0.016344748,0.016344748,0.016344748,0.0143094,0.0143094,0.0143094,0.0143094,0.0143094,0.012423227,0.012423227,0.012423227,0.012423227,0.012423227,0.010991123,0.010991123,0.010991123,0.010991123,0.010991123,0.009635652,0.009635652,0.009635652,0.009635652,0.009635652,0.008266468,0.008266468,0.008266468,0.008266468,0.008266468,0.007079693,0.007079693,0.007079693,0.007079693,0.007079693,0.005964937,0.005964937,0.005964937,0.005964937,0.005964937,0.004673024,0.004673024,0.004673024,0.004673024,0.004673024,0.003421868,0.003421868,0.003421868,0.003421868,0.003421868,0.002260462,0.002260462,0.002260462,0.002260462,0.002260462,0.001351497,0.001351497,0.001351497,0.001351497,0.001351497,0.000421013,0.000421013,0.000421013,0.000421013,0.000421013,0.000421013
0.028065948,0.028065948,0.028065948,0.028065948,0.028065948,0.028065948,0.026691801,0.026691801,0.026691801,0.026691801,0.026691801,0.024968094,0.024968094,0.024968094,0.024968094,0.024968094,0.023163849,0.023163849,0.023163849,0.023163849,0.023163849,0.021022914,0.021022914,0.021022914,0.021022914,0.021022914,0.018910166,0.018910166,0.018910166,0.018910166,0.018910166,0.016636749,0.016636749,0.016636749,0.016636749,0.016636749,0.014796569,0.014796569,0.014796569,0.014796569,0.014796569,0.013170977,0.013170977,0.013170977,0.013170977,0.013170977,0.011553823,0.011553823,0.011553823,0.011553823,0.011553823,0.010210543,0.010210543,0.010210543,0.010210543,0.010210543,0.008989056,0.008989056,0.008989056,0.008989056,0.008989056,0.007817972,0.007817972,0.007817972,0.007817972,0.007817972,0.006620486,0.006620486,0.006620486,0.006620486,0.006620486,0.005674627,0.005674627,0.005674627,0.005674627,0.005674627,0.004770037,0.004770037,0.004770037,0.004770037,0.004770037,0.004770037
0.004629896,0.004629896,0.004629896,0.004629896,0.004629896,0.004629896,0.0039132,0.0039132,0.0039132,0.0039132,0.0039132,0.002915734,0.002915734,0.002915734,0.002915734,0.002915734,0.001865599,0.001865599,0.001865599,0.001865599,0.001865599,0.00097439,0.00097439,0.00097439,0.00097439,0.00097439,0.000238632,0.000238632,0.000238632,0.000238632,0.000238632,-0.000340054,-0.000340054,-0.000340054,-0.000340054,-0.000340054,-0.000775308,-0.000775308,-0.000775308,-0.000775308,-0.000775308,-0.001374641,-0.001374641,-0.001374641,-0.001374641,-0.001374641,-0.001950703,-0.001950703,-0.001950703,-0.001950703,-0.001950703,-0.002487221,-0.002487221,-0.002487221,-0.002487221,-0.002487221,-0.002937828,-0.002937828,-0.002937828,-0.002937828,-0.002937828,-0.003261972,-0.003261972,-0.003261972,-0.003261972,-0.003261972,-0.003525565,-0.003525565,-0.003525565,-0.003525565,-0.003525565,-0.003680037,-0.003680037,-0.003680037,-0.003680037,-0.003680037,-0.003767356,-0.003767356,-0.003767356,-0.003767356,-0.003767356,-0.003767356
0.008766709,0.008766709,0.008766709,0.008766709,0.008766709,0.008766709,0.007379219,0.007379219,0.007379219,0.007379219,0.007379219,0.006012821,0.006012821,0.006012821,0.006012821,0.006012821,0.004765905,0.004765905,0.004765905,0.004765905,0.004765905,0.003578296,0.003578296,0.003578296,0.003578296,0.003578296,0.00246661,0.00246661,0.00246661,0.00246661,0.00246661,0.001412542,0.001412542,0.001412542,0.001412542,0.001412542,0.000347861,0.000347861,0.000347861,0.000347861,0.000347861,-0.000103706,-0.000103706,-0.000103706,-0.000103706,-0.000103706,-0.000360615,-0.000360615,-0.000360615,-0.000360615,-0.000360615,-0.000654455,-0.000654455,-0.000654455,-0.000654455,-0.000654455,-0.00104145,-0.00104145,-0.00104145,-0.00104145,-0.00104145,-0.001459676,-0.001459676,-0.001459676,-0.001459676,-0.001459676,-0.001828393,-0.001828393,-0.001828393,-0.001828393,-0.001828393,-0.001979418,-0.001979418,-0.001979418,-0.001979418,-0.001979418,-0.002074788,-0.002074788,-0.002074788,-0.002074788,-0.002074788,-0.002074788
0.009413867,0.009413867,0.009413867,0.009413867,0.009413867,0.009413867,0.007035579,0.007035579,0.007035579,0.007035579,0.007035579,0.005929286,0.005929286,0.005929286,0.005929286,0.005929286,0.005567599,0.005567599,0.005567599,0.005567599,0.005567599,0.004793627,0.004793627,0.004793627,0.004793627,0.004793627,0.003524169,0.003524169,0.003524169,0.003524169,0.003524169,0.001917816,0.001917816,0.001917816,0.001917816,0.001917816,0.000560144,0.000560144,0.000560144,0.000560144,0.000560144,-2.82548E-05,-2.82548E-05,-2.82548E-05,-2.82548E-05,-2.82548E-05,-0.000420465,-0.000420465,-0.000420465,-0.000420465,-0.000420465,-0.000634304,-0.000634304,-0.000634304,-0.000634304,-0.000634304,-0.001064268,-0.001064268,-0.001064268,-0.001064268,-0.001064268,-0.001562571,-0.001562571,-0.001562571,-0.001562571,-0.001562571,-0.002020991,-0.002020991,-0.002020991,-0.002020991,-0.002020991,-0.002268009,-0.002268009,-0.002268009,-0.002268009,-0.002268009,-0.00258473,-0.00258473,-0.00258473,-0.00258473,-0.00258473,-0.00258473
0.005829207,0.005829207,0.005829207,0.005829207,0.005829207,0.005829207,0.004153341,0.004153341,0.004153341,0.004153341,0.004153341,0.002678615,0.002678615,0.002678615,0.002678615,0.002678615,0.001490251,0.001490251,0.001490251,0.001490251,0.001490251,0.00035965,0.00035965,0.00035965,0.00035965,0.00035965,-0.000658395,-0.000658395,-0.000658395,-0.000658395,-0.000658395,-0.001645677,-0.001645677,-0.001645677,-0.001645677,-0.001645677,-0.002634043,-0.002634043,-0.002634043,-0.002634043,-0.002634043,-0.003310636,-0.003310636,-0.003310636,-0.003310636,-0.003310636,-0.003837484,-0.003837484,-0.003837484,-0.003837484,-0.003837484,-0.004262367,-0.004262367,-0.004262367,-0.004262367,-0.004262367,-0.004485128,-0.004485128,-0.004485128,-0.004485128,-0.004485128,-0.00435594,-0.00435594,-0.00435594,-0.00435594,-0.00435594,-0.004180007,-0.004180007,-0.004180007,-0.004180007,-0.004180007,-0.003981732,-0.003981732,-0.003981732,-0.003981732,-0.003981732,-0.003817999,-0.003817999,-0.003817999,-0.003817999,-0.003817999,-0.003817999
0.01769563,0.01769563,0.01769563,0.01769563,0.01769563,0.01769563,0.01573358,0.01573358,0.01573358,0.01573358,0.01573358,0.013873192,0.013873192,0.013873192,0.013873192,0.013873192,0.012166996,0.012166996,0.012166996,0.012166996,0.012166996,0.010300566,0.010300566,0.010300566,0.010300566,0.010300566,0.008742685,0.008742685,0.008742685,0.008742685,0.008742685,0.007535586,0.007535586,0.007535586,0.007535586,0.007535586,0.006632679,0.006632679,0.006632679,0.006632679,0.006632679,0.005677989,0.005677989,0.005677989,0.005677989,0.005677989,0.004600294,0.004600294,0.004600294,0.004600294,0.004600294,0.003733695,0.003733695,0.003733695,0.003733695,0.003733695,0.00291266,0.00291266,0.00291266,0.00291266,0.00291266,0.002001455,0.002001455,0.002001455,0.002001455,0.002001455,0.001120354,0.001120354,0.001120354,0.001120354,0.001120354,0.000331225,0.000331225,0.000331225,0.000331225,0.000331225,-0.00020076,-0.00020076,-0.00020076,-0.00020076,-0.00020076,-0.00020076
0.011905514,0.011905514,0.011905514,0.011905514,0.011905514,0.011905514,0.010120066,0.010120066,0.010120066,0.010120066,0.010120066,0.008507844,0.008507844,0.008507844,0.008507844,0.008507844,0.00690693,0.00690693,0.00690693,0.00690693,0.00690693,0.005456071,0.005456071,0.005456071,0.005456071,0.005456071,0.004455927,0.004455927,0.004455927,0.004455927,0.004455927,0.003487326,0.003487326,0.003487326,0.003487326,0.003487326,0.002735099,0.002735099,0.002735099,0.002735099,0.002735099,0.001761878,0.001761878,0.001761878,0.001761878,0.001761878,0.000868682,0.000868682,0.000868682,0.000868682,0.000868682,5.77348E-05,5.77348E-05,5.77348E-05,5.77348E-05,5.77348E-05,-0.00076873,-0.00076873,-0.00076873,-0.00076873,-0.00076873,-0.001610911,-0.001610911,-0.001610911,-0.001610911,-0.001610911,-0.002265655,-0.002265655,-0.002265655,-0.002265655,-0.002265655,-0.002963181,-0.002963181,-0.002963181,-0.002963181,-0.002963181,-0.00331298,-0.00331298,-0.00331298,-0.00331298,-0.00331298,-0.00331298
0.015536905,0.015536905,0.015536905,0.015536905,0.015536905,0.015536905,0.01336676,0.01336676,0.01336676,0.01336676,0.01336676,0.011790271,0.011790271,0.011790271,0.011790271,0.011790271,0.010477281,0.010477281,0.010477281,0.010477281,0.010477281,0.009147912,0.009147912,0.009147912,0.009147912,0.009147912,0.007711443,0.007711443,0.007711443,0.007711443,0.007711443,0.00630512,0.00630512,0.00630512,0.00630512,0.00630512,0.004813497,0.004813497,0.004813497,0.004813497,0.004813497,0.003372442,0.003372442,0.003372442,0.003372442,0.003372442,0.002163235,0.002163235,0.002163235,0.002163235,0.002163235,0.001071081,0.001071081,0.001071081,0.001071081,0.001071081,-7.68784E-05,-7.68784E-05,-7.68784E-05,-7.68784E-05,-7.68784E-05,-0.001107218,-0.001107218,-0.001107218,-0.001107218,-0.001107218,-0.002037517,-0.002037517,-0.002037517,-0.002037517,-0.002037517,-0.002593783,-0.002593783,-0.002593783,-0.002593783,-0.002593783,-0.003022622,-0.003022622,-0.003022622,-0.003022622,-0.003022622,-0.003022622
0.0066678,0.0066678,0.0066678,0.0066678,0.0066678,0.0066678,0.005216567,0.005216567,0.005216567,0.005216567,0.005216567,0.003843028,0.003843028,0.003843028,0.003843028,0.003843028,0.002433702,0.002433702,0.002433702,0.002433702,0.002433702,0.001210436,0.001210436,0.001210436,0.001210436,0.001210436,6.75784E-05,6.75784E-05,6.75784E-05,6.75784E-05,6.75784E-05,-0.001065844,-0.001065844,-0.001065844,-0.001065844,-0.001065844,-0.002112801,-0.002112801,-0.002112801,-0.002112801,-0.002112801,-0.002210854,-0.002210854,-0.002210854,-0.002210854,-0.002210854,-0.002253966,-0.002253966,-0.002253966,-0.002253966,-0.002253966,-0.002357071,-0.002357071,-0.002357071,-0.002357071,-0.002357071,-0.002503082,-0.002503082,-0.002503082,-0.002503082,-0.002503082,-0.002677818,-0.002677818,-0.002677818,-0.002677818,-0.002677818,-0.00277321,-0.00277321,-0.00277321,-0.00277321,-0.00277321,-0.002777741,-0.002777741,-0.002777741,-0.002777741,-0.002777741,-0.002495824,-0.002495824,-0.002495824,-0.002495824,-0.002495824,-0.002495824
0.02332448,0.02332448,0.02332448,0.02332448,0.02332448,0.02332448,0.022465006,0.022465006,0.022465006,0.022465006,0.022465006,0.021450699,0.021450699,0.021450699,0.021450699,0.021450699,0.020233522,0.020233522,0.020233522,0.020233522,0.020233522,0.018805258,0.018805258,0.018805258,0.018805258,0.018805258,0.017418922,0.017418922,0.017418922,0.017418922,0.017418922,0.01495855,0.01495855,0.01495855,0.01495855,0.01495855,0.013162396,0.013162396,0.013162396,0.013162396,0.013162396,0.011888867,0.011888867,0.011888867,0.011888867,0.011888867,0.010605726,0.010605726,0.010605726,0.010605726,0.010605726,0.009279901,0.009279901,0.009279901,0.009279901,0.009279901,0.00814503,0.00814503,0.00814503,0.00814503,0.00814503,0.006983437,0.006983437,0.006983437,0.006983437,0.006983437,0.005866117,0.005866117,0.005866117,0.005866117,0.005866117,0.005038047,0.005038047,0.005038047,0.005038047,0.005038047,0.004343706,0.004343706,0.004343706,0.004343706,0.004343706,0.004343706
0.015706814,0.015706814,0.015706814,0.015706814,0.015706814,0.015706814,0.01349743,0.01349743,0.01349743,0.01349743,0.01349743,0.011831758,0.011831758,0.011831758,0.011831758,0.011831758,0.010610645,0.010610645,0.010610645,0.010610645,0.010610645,0.009461276,0.009461276,0.009461276,0.009461276,0.009461276,0.00818033,0.00818033,0.00818033,0.00818033,0.00818033,0.006560912,0.006560912,0.006560912,0.006560912,0.006560912,0.005073206,0.005073206,0.005073206,0.005073206,0.005073206,0.003927289,0.003927289,0.003927289,0.003927289,0.003927289,0.002963379,0.002963379,0.002963379,0.002963379,0.002963379,0.002263645,0.002263645,0.002263645,0.002263645,0.002263645,0.001499295,0.001499295,0.001499295,0.001499295,0.001499295,0.000901753,0.000901753,0.000901753,0.000901753,0.000901753,0.000120035,0.000120035,0.000120035,0.000120035,0.000120035,-0.000438814,-0.000438814,-0.000438814,-0.000438814,-0.000438814,-0.000956355,-0.000956355,-0.000956355,-0.000956355,-0.000956355,-0.000956355
0.012567005,0.012567005,0.012567005,0.012567005,0.012567005,0.012567005,0.010824128,0.010824128,0.010824128,0.010824128,0.010824128,0.009390204,0.009390204,0.009390204,0.009390204,0.009390204,0.008016501,0.008016501,0.008016501,0.008016501,0.008016501,0.006650917,0.006650917,0.006650917,0.006650917,0.006650917,0.005364171,0.005364171,0.005364171,0.005364171,0.005364171,0.004268324,0.004268324,0.004268324,0.004268324,0.004268324,0.003103452,0.003103452,0.003103452,0.003103452,0.003103452,0.002162835,0.002162835,0.002162835,0.002162835,0.002162835,0.001330284,0.001330284,0.001330284,0.001330284,0.001330284,0.000575929,0.000575929,0.000575929,0.000575929,0.000575929,-0.000183034,-0.000183034,-0.000183034,-0.000183034,-0.000183034,-0.000888871,-0.000888871,-0.000888871,-0.000888871,-0.000888871,-0.00157059,-0.00157059,-0.00157059,-0.00157059,-0.00157059,-0.002146414,-0.002146414,-0.002146414,-0.002146414,-0.002146414,-0.002634739,-0.002634739,-0.002634739,-0.002634739,-0.002634739,-0.002634739
0.005598503,0.005598503,0.005598503,0.005598503,0.005598503,0.005598503,0.004369271,0.004369271,0.004369271,0.004369271,0.004369271,0.003006411,0.003006411,0.003006411,0.003006411,0.003006411,0.001829683,0.001829683,0.001829683,0.001829683,0.001829683,0.000635554,0.000635554,0.000635554,0.000635554,0.000635554,-0.000556743,-0.000556743,-0.000556743,-0.000556743,-0.000556743,-0.001717465,-0.001717465,-0.001717465,-0.001717465,-0.001717465,-0.002733089,-0.002733089,-0.002733089,-0.002733089,-0.002733089,-0.00299851,-0.00299851,-0.00299851,-0.00299851,-0.00299851,-0.003187592,-0.003187592,-0.003187592,-0.003187592,-0.003187592,-0.003402021,-0.003402021,-0.003402021,-0.003402021,-0.003402021,-0.003638885,-0.003638885,-0.003638885,-0.003638885,-0.003638885,-0.003853305,-0.003853305,-0.003853305,-0.003853305,-0.003853305,-0.003966765,-0.003966765,-0.003966765,-0.003966765,-0.003966765,-0.003827366,-0.003827366,-0.003827366,-0.003827366,-0.003827366,-0.003609127,-0.003609127,-0.003609127,-0.003609127,-0.003609127,-0.003609127
0.014380168,0.014380168,0.014380168,0.014380168,0.014380168,0.014380168,0.012471018,0.012471018,0.012471018,0.012471018,0.012471018,0.010874385,0.010874385,0.010874385,0.010874385,0.010874385,0.009340448,0.009340448,0.009340448,0.009340448,0.009340448,0.007952692,0.007952692,0.007952692,0.007952692,0.007952692,0.006599853,0.006599853,0.006599853,0.006599853,0.006599853,0.00554037,0.00554037,0.00554037,0.00554037,0.00554037,0.00456264,0.00456264,0.00456264,0.00456264,0.00456264,0.003523125,0.003523125,0.003523125,0.003523125,0.003523125,0.002581568,0.002581568,0.002581568,0.002581568,0.002581568,0.001582155,0.001582155,0.001582155,0.001582155,0.001582155,0.000748481,0.000748481,0.000748481,0.000748481,0.000748481,-2.37567E-05,-2.37567E-05,-2.37567E-05,-2.37567E-05,-2.37567E-05,-0.000722886,-0.000722886,-0.000722886,-0.000722886,-0.000722886,-0.001369419,-0.001369419,-0.001369419,-0.001369419,-0.001369419,-0.001967567,-0.001967567,-0.001967567,-0.001967567,-0.001967567,-0.001967567
-0.001495878,-0.001495878,-0.001495878,-0.001495878,-0.001495878,-0.001495878,-0.001820108,-0.001820108,-0.001820108,-0.001820108,-0.001820108,-0.001643039,-0.001643039,-0.001643039,-0.001643039,-0.001643039,-0.00100801,-0.00100801,-0.00100801,-0.00100801,-0.00100801,-0.000805182,-0.000805182,-0.000805182,-0.000805182,-0.000805182,-0.000764371,-0.000764371,-0.000764371,-0.000764371,-0.000764371,-0.000919577,-0.000919577,-0.000919577,-0.000919577,-0.000919577,-0.000977214,-0.000977214,-0.000977214,-0.000977214,-0.000977214,-0.001362337,-0.001362337,-0.001362337,-0.001362337,-0.001362337,-0.001605565,-0.001605565,-0.001605565,-0.001605565,-0.001605565,-0.001910341,-0.001910341,-0.001910341,-0.001910341,-0.001910341,-0.00231333,-0.00231333,-0.00231333,-0.00231333,-0.00231333,-0.002699678,-0.002699678,-0.002699678,-0.002699678,-0.002699678,-0.002989206,-0.002989206,-0.002989206,-0.002989206,-0.002989206,-0.00326999,-0.00326999,-0.00326999,-0.00326999,-0.00326999,-0.003682499,-0.003682499,-0.003682499,-0.003682499,-0.003682499,-0.003682499
0.021503413,0.021503413,0.021503413,0.021503413,0.021503413,0.021503413,0.019301934,0.019301934,0.019301934,0.019301934,0.019301934,0.01797258,0.01797258,0.01797258,0.01797258,0.01797258,0.016683292,0.016683292,0.016683292,0.016683292,0.016683292,0.014942234,0.014942234,0.014942234,0.014942234,0.014942234,0.012993448,0.012993448,0.012993448,0.012993448,0.012993448,0.010796189,0.010796189,0.010796189,0.010796189,0.010796189,0.009128538,0.009128538,0.009128538,0.009128538,0.009128538,0.008149969,0.008149969,0.008149969,0.008149969,0.008149969,0.007312922,0.007312922,0.007312922,0.007312922,0.007312922,0.006391682,0.006391682,0.006391682,0.006391682,0.006391682,0.005365383,0.005365383,0.005365383,0.005365383,0.005365383,0.004401478,0.004401478,0.004401478,0.004401478,0.004401478,0.003448295,0.003448295,0.003448295,0.003448295,0.003448295,0.002699674,0.002699674,0.002699674,0.002699674,0.002699674,0.001876982,0.001876982,0.001876982,0.001876982,0.001876982,0.001876982
0.019482508,0.019482508,0.019482508,0.019482508,0.019482508,0.019482508,0.017417741,0.017417741,0.017417741,0.017417741,0.017417741,0.015775,0.015775,0.015775,0.015775,0.015775,0.013782956,0.013782956,0.013782956,0.013782956,0.013782956,0.011852291,0.011852291,0.011852291,0.011852291,0.011852291,0.00995186,0.00995186,0.00995186,0.00995186,0.00995186,0.008335418,0.008335418,0.008335418,0.008335418,0.008335418,0.007131717,0.007131717,0.007131717,0.007131717,0.007131717,0.006553037,0.006553037,0.006553037,0.006553037,0.006553037,0.005879008,0.005879008,0.005879008,0.005879008,0.005879008,0.005158724,0.005158724,0.005158724,0.005158724,0.005158724,0.004634947,0.004634947,0.004634947,0.004634947,0.004634947,0.003990656,0.003990656,0.003990656,0.003990656,0.003990656,0.003386062,0.003386062,0.003386062,0.003386062,0.003386062,0.00279244,0.00279244,0.00279244,0.00279244,0.00279244,0.002344041,0.002344041,0.002344041,0.002344041,0.002344041,0.002344041
0.007365425,0.007365425,0.007365425,0.007365425,0.007365425,0.007365425,0.006049887,0.006049887,0.006049887,0.006049887,0.006049887,0.00487619,0.00487619,0.00487619,0.00487619,0.00487619,0.004052232,0.004052232,0.004052232,0.004052232,0.004052232,0.003232926,0.003232926,0.003232926,0.003232926,0.003232926,0.002539423,0.002539423,0.002539423,0.002539423,0.002539423,0.001853887,0.001853887,0.001853887,0.001853887,0.001853887,0.001286523,0.001286523,0.001286523,0.001286523,0.001286523,0.000439226,0.000439226,0.000439226,0.000439226,0.000439226,-0.000482376,-0.000482376,-0.000482376,-0.000482376,-0.000482376,-0.001369199,-0.001369199,-0.001369199,-0.001369199,-0.001369199,-0.002233991,-0.002233991,-0.002233991,-0.002233991,-0.002233991,-0.002763855,-0.002763855,-0.002763855,-0.002763855,-0.002763855,-0.003310969,-0.003310969,-0.003310969,-0.003310969,-0.003310969,-0.003888886,-0.003888886,-0.003888886,-0.003888886,-0.003888886,-0.004517418,-0.004517418,-0.004517418,-0.004517418,-0.004517418,-0.004517418
0.00487585,0.00487585,0.00487585,0.00487585,0.00487585,0.00487585,0.003840331,0.003840331,0.003840331,0.003840331,0.003840331,0.003127774,0.003127774,0.003127774,0.003127774,0.003127774,0.00226686,0.00226686,0.00226686,0.00226686,0.00226686,0.001026815,0.001026815,0.001026815,0.001026815,0.001026815,-9.36466E-05,-9.36466E-05,-9.36466E-05,-9.36466E-05,-9.36466E-05,-0.000990565,-0.000990565,-0.000990565,-0.000990565,-0.000990565,-0.001655928,-0.001655928,-0.001655928,-0.001655928,-0.001655928,-0.002096089,-0.002096089,-0.002096089,-0.002096089,-0.002096089,-0.002551114,-0.002551114,-0.002551114,-0.002551114,-0.002551114,-0.002866966,-0.002866966,-0.002866966,-0.002866966,-0.002866966,-0.003137804,-0.003137804,-0.003137804,-0.003137804,-0.003137804,-0.003312128,-0.003312128,-0.003312128,-0.003312128,-0.003312128,-0.003478416,-0.003478416,-0.003478416,-0.003478416,-0.003478416,-0.003707526,-0.003707526,-0.003707526,-0.003707526,-0.003707526,-0.00400217,-0.00400217,-0.00400217,-0.00400217,-0.00400217,-0.00400217
0.023636102,0.023636102,0.023636102,0.023636102,0.023636102,0.023636102,0.021701489,0.021701489,0.021701489,0.021701489,0.021701489,0.019836712,0.019836712,0.019836712,0.019836712,0.019836712,0.018055898,0.018055898,0.018055898,0.018055898,0.018055898,0.015932067,0.015932067,0.015932067,0.015932067,0.015932067,0.014082521,0.014082521,0.014082521,0.014082521,0.014082521,0.012116924,0.012116924,0.012116924,0.012116924,0.012116924,0.010353464,0.010353464,0.010353464,0.010353464,0.010353464,0.009208901,0.009208901,0.009208901,0.009208901,0.009208901,0.008181967,0.008181967,0.008181967,0.008181967,0.008181967,0.007013757,0.007013757,0.007013757,0.007013757,0.007013757,0.006073816,0.006073816,0.006073816,0.006073816,0.006073816,0.005277335,0.005277335,0.005277335,0.005277335,0.005277335,0.004357353,0.004357353,0.004357353,0.004357353,0.004357353,0.003397628,0.003397628,0.003397628,0.003397628,0.003397628,0.002470611,0.002470611,0.002470611,0.002470611,0.002470611,0.002470611
0.003530326,0.003530326,0.003530326,0.003530326,0.003530326,0.003530326,0.00235471,0.00235471,0.00235471,0.00235471,0.00235471,0.000975166,0.000975166,0.000975166,0.000975166,0.000975166,-0.000437944,-0.000437944,-0.000437944,-0.000437944,-0.000437944,-0.00173807,-0.00173807,-0.00173807,-0.00173807,-0.00173807,-0.002740544,-0.002740544,-0.002740544,-0.002740544,-0.002740544,-0.003455492,-0.003455492,-0.003455492,-0.003455492,-0.003455492,-0.003978776,-0.003978776,-0.003978776,-0.003978776,-0.003978776,-0.004759412,-0.004759412,-0.004759412,-0.004759412,-0.004759412,-0.005390267,-0.005390267,-0.005390267,-0.005390267,-0.005390267,-0.006004542,-0.006004542,-0.006004542,-0.006004542,-0.006004542,-0.006444755,-0.006444755,-0.006444755,-0.006444755,-0.006444755,-0.006848706,-0.006848706,-0.006848706,-0.006848706,-0.006848706,-0.007174886,-0.007174886,-0.007174886,-0.007174886,-0.007174886,-0.007438049,-0.007438049,-0.007438049,-0.007438049,-0.007438049,-0.007681469,-0.007681469,-0.007681469,-0.007681469,-0.007681469,-0.007681469
0.016256699,0.016256699,0.016256699,0.016256699,0.016256699,0.016256699,0.014328267,0.014328267,0.014328267,0.014328267,0.014328267,0.012724813,0.012724813,0.012724813,0.012724813,0.012724813,0.010855584,0.010855584,0.010855584,0.010855584,0.010855584,0.009031852,0.009031852,0.009031852,0.009031852,0.009031852,0.00767945,0.00767945,0.00767945,0.00767945,0.00767945,0.006359702,0.006359702,0.006359702,0.006359702,0.006359702,0.005080257,0.005080257,0.005080257,0.005080257,0.005080257,0.003918439,0.003918439,0.003918439,0.003918439,0.003918439,0.002919323,0.002919323,0.002919323,0.002919323,0.002919323,0.001934203,0.001934203,0.001934203,0.001934203,0.001934203,0.001031836,0.001031836,0.001031836,0.001031836,0.001031836,0.000417722,0.000417722,0.000417722,0.000417722,0.000417722,-0.000135294,-0.000135294,-0.000135294,-0.000135294,-0.000135294,-0.000665277,-0.000665277,-0.000665277,-0.000665277,-0.000665277,-0.001189509,-0.001189509,-0.001189509,-0.001189509,-0.001189509,-0.001189509
0.028830135,0.028830135,0.028830135,0.028830135,0.028830135,0.028830135,0.027310512,0.027310512,0.027310512,0.027310512,0.027310512,0.025522809,0.025522809,0.025522809,0.025522809,0.025522809,0.023378998,0.023378998,0.023378998,0.023378998,0.023378998,0.021239033,0.021239033,0.021239033,0.021239033,0.021239033,0.019177534,0.019177534,0.019177534,0.019177534,0.019177534,0.017002369,0.017002369,0.017002369,0.017002369,0.017002369,0.015079821,0.015079821,0.015079821,0.015079821,0.015079821,0.013495183,0.013495183,0.013495183,0.013495183,0.013495183,0.011893883,0.011893883,0.011893883,0.011893883,0.011893883,0.010564867,0.010564867,0.010564867,0.010564867,0.010564867,0.009355201,0.009355201,0.009355201,0.009355201,0.009355201,0.008105512,0.008105512,0.008105512,0.008105512,0.008105512,0.00691983,0.00691983,0.00691983,0.00691983,0.00691983,0.005768554,0.005768554,0.005768554,0.005768554,0.005768554,0.004886544,0.004886544,0.004886544,0.004886544,0.004886544,0.004886544
-0.004658655,-0.004658655,-0.004658655,-0.004658655,-0.004658655,-0.004658655,-0.004106756,-0.004106756,-0.004106756,-0.004106756,-0.004106756,-0.003488523,-0.003488523,-0.003488523,-0.003488523,-0.003488523,-0.002828118,-0.002828118,-0.002828118,-0.002828118,-0.002828118,-0.002461591,-0.002461591,-0.002461591,-0.002461591,-0.002461591,-0.002271718,-0.002271718,-0.002271718,-0.002271718,-0.002271718,-0.002088454,-0.002088454,-0.002088454,-0.002088454,-0.002088454,-0.00187326,-0.00187326,-0.00187326,-0.00187326,-0.00187326,-0.002358979,-0.002358979,-0.002358979,-0.002358979,-0.002358979,-0.002768235,-0.002768235,-0.002768235,-0.002768235,-0.002768235,-0.003195974,-0.003195974,-0.003195974,-0.003195974,-0.003195974,-0.003618736,-0.003618736,-0.003618736,-0.003618736,-0.003618736,-0.003975088,-0.003975088,-0.003975088,-0.003975088,-0.003975088,-0.004264561,-0.004264561,-0.004264561,-0.004264561,-0.004264561,-0.004577449,-0.004577449,-0.004577449,-0.004577449,-0.004577449,-0.005018549,-0.005018549,-0.005018549,-0.005018549,-0.005018549,-0.005018549
0.006547781,0.006547781,0.006547781,0.006547781,0.006547781,0.006547781,0.004677533,0.004677533,0.004677533,0.004677533,0.004677533,0.003244936,0.003244936,0.003244936,0.003244936,0.003244936,0.001975502,0.001975502,0.001975502,0.001975502,0.001975502,0.00058282,0.00058282,0.00058282,0.00058282,0.00058282,-0.001107377,-0.001107377,-0.001107377,-0.001107377,-0.001107377,-0.002396258,-0.002396258,-0.002396258,-0.002396258,-0.002396258,-0.003520203,-0.003520203,-0.003520203,-0.003520203,-0.003520203,-0.004433111,-0.004433111,-0.004433111,-0.004433111,-0.004433111,-0.005233068,-0.005233068,-0.005233068,-0.005233068,-0.005233068,-0.006026241,-0.006026241,-0.006026241,-0.006026241,-0.006026241,-0.006757962,-0.006757962,-0.006757962,-0.006757962,-0.006757962,-0.007247979,-0.007247979,-0.007247979,-0.007247979,-0.007247979,-0.007390001,-0.007390001,-0.007390001,-0.007390001,-0.007390001,-0.007276647,-0.007276647,-0.007276647,-0.007276647,-0.007276647,-0.007113798,-0.007113798,-0.007113798,-0.007113798,-0.007113798,-0.007113798
0.024097039,0.024097039,0.024097039,0.024097039,0.024097039,0.024097039,0.022546359,0.022546359,0.022546359,0.022546359,0.022546359,0.020571521,0.020571521,0.020571521,0.020571521,0.020571521,0.018318301,0.018318301,0.018318301,0.018318301,0.018318301,0.016038111,0.016038111,0.016038111,0.016038111,0.016038111,0.014230235,0.014230235,0.014230235,0.014230235,0.014230235,0.012605269,0.012605269,0.012605269,0.012605269,0.012605269,0.011050779,0.011050779,0.011050779,0.011050779,0.011050779,0.009622672,0.009622672,0.009622672,0.009622672,0.009622672,0.008584545,0.008584545,0.008584545,0.008584545,0.008584545,0.007488522,0.007488522,0.007488522,0.007488522,0.007488522,0.006591092,0.006591092,0.006591092,0.006591092,0.006591092,0.005822212,0.005822212,0.005822212,0.005822212,0.005822212,0.004807085,0.004807085,0.004807085,0.004807085,0.004807085,0.003964515,0.003964515,0.003964515,0.003964515,0.003964515,0.003086477,0.003086477,0.003086477,0.003086477,0.003086477,0.003086477
0.003080935,0.003080935,0.003080935,0.003080935,0.003080935,0.003080935,0.002592546,0.002592546,0.002592546,0.002592546,0.002592546,0.002016136,0.002016136,0.002016136,0.002016136,0.002016136,0.001610713,0.001610713,0.001610713,0.001610713,0.001610713,0.001350715,0.001350715,0.001350715,0.001350715,0.001350715,0.000926229,0.000926229,0.000926229,0.000926229,0.000926229,0.000313674,0.000313674,0.000313674,0.000313674,0.000313674,-0.000319462,-0.000319462,-0.000319462,-0.000319462,-0.000319462,-0.001204933,-0.001204933,-0.001204933,-0.001204933,-0.001204933,-0.00178286,-0.00178286,-0.00178286,-0.00178286,-0.00178286,-0.002200261,-0.002200261,-0.002200261,-0.002200261,-0.002200261,-0.002672995,-0.002672995,-0.002672995,-0.002672995,-0.002672995,-0.003201941,-0.003201941,-0.003201941,-0.003201941,-0.003201941,-0.00375626,-0.00375626,-0.00375626,-0.00375626,-0.00375626,-0.004431093,-0.004431093,-0.004431093,-0.004431093,-0.004431093,-0.005276315,-0.005276315,-0.005276315,-0.005276315,-0.005276315,-0.005276315
0.004560683,0.004560683,0.004560683,0.004560683,0.004560683,0.004560683,0.004225277,0.004225277,0.004225277,0.004225277,0.004225277,0.003876888,0.003876888,0.003876888,0.003876888,0.003876888,0.003592281,0.003592281,0.003592281,0.003592281,0.003592281,0.003207477,0.003207477,0.003207477,0.003207477,0.003207477,0.002816161,0.002816161,0.002816161,0.002816161,0.002816161,0.002428392,0.002428392,0.002428392,0.002428392,0.002428392,0.002124869,0.002124869,0.002124869,0.002124869,0.002124869,0.00160396,0.00160396,0.00160396,0.00160396,0.00160396,0.001221703,0.001221703,0.001221703,0.001221703,0.001221703,0.00087419,0.00087419,0.00087419,0.00087419,0.00087419,0.000466613,0.000466613,0.000466613,0.000466613,0.000466613,-2.33537E-06,-2.33537E-06,-2.33537E-06,-2.33537E-06,-2.33537E-06,-0.000511128,-0.000511128,-0.000511128,-0.000511128,-0.000511128,-0.001065501,-0.001065501,-0.001065501,-0.001065501,-0.001065501,-0.001974892,-0.001974892,-0.001974892,-0.001974892,-0.001974892,-0.001974892
-0.004807968,-0.004807968,-0.004807968,-0.004807968,-0.004807968,-0.004807968,-0.004279742,-0.004279742,-0.004279742,-0.004279742,-0.004279742,-0.003871871,-0.003871871,-0.003871871,-0.003871871,-0.003871871,-0.003472635,-0.003472635,-0.003472635,-0.003472635,-0.003472635,-0.003200966,-0.003200966,-0.003200966,-0.003200966,-0.003200966,-0.003067359,-0.003067359,-0.003067359,-0.003067359,-0.003067359,-0.003014929,-0.003014929,-0.003014929,-0.003014929,-0.003014929,-0.002997829,-0.002997829,-0.002997829,-0.002997829,-0.002997829,-0.003582775,-0.003582775,-0.003582775,-0.003582775,-0.003582775,-0.004086282,-0.004086282,-0.004086282,-0.004086282,-0.004086282,-0.004490094,-0.004490094,-0.004490094,-0.004490094,-0.004490094,-0.004774799,-0.004774799,-0.004774799,-0.004774799,-0.004774799,-0.004957701,-0.004957701,-0.004957701,-0.004957701,-0.004957701,-0.005084693,-0.005084693,-0.005084693,-0.005084693,-0.005084693,-0.005290874,-0.005290874,-0.005290874,-0.005290874,-0.005290874,-0.005657827,-0.005657827,-0.005657827,-0.005657827,-0.005657827,-0.005657827
0.01067802,0.01067802,0.01067802,0.01067802,0.01067802,0.01067802,0.0091885,0.0091885,0.0091885,0.0091885,0.0091885,0.007904855,0.007904855,0.007904855,0.007904855,0.007904855,0.007101636,0.007101636,0.007101636,0.007101636,0.007101636,0.006525567,0.006525567,0.006525567,0.006525567,0.006525567,0.005838504,0.005838504,0.005838504,0.005838504,0.005838504,0.004917646,0.004917646,0.004917646,0.004917646,0.004917646,0.003897146,0.003897146,0.003897146,0.003897146,0.003897146,0.002240286,0.002240286,0.002240286,0.002240286,0.002240286,0.000692074,0.000692074,0.000692074,0.000692074,0.000692074,-0.000658976,-0.000658976,-0.000658976,-0.000658976,-0.000658976,-0.001835739,-0.001835739,-0.001835739,-0.001835739,-0.001835739,-0.002823032,-0.002823032,-0.002823032,-0.002823032,-0.002823032,-0.003544767,-0.003544767,-0.003544767,-0.003544767,-0.003544767,-0.004104969,-0.004104969,-0.004104969,-0.004104969,-0.004104969,-0.004607152,-0.004607152,-0.004607152,-0.004607152,-0.004607152,-0.004607152
0.003288881,0.003288881,0.003288881,0.003288881,0.003288881,0.003288881,0.002467653,0.002467653,0.002467653,0.002467653,0.002467653,0.001675744,0.001675744,0.001675744,0.001675744,0.001675744,0.001593518,0.001593518,0.001593518,0.001593518,0.001593518,0.001927737,0.001927737,0.001927737,0.001927737,0.001927737,0.001974575,0.001974575,0.001974575,0.001974575,0.001974575,0.00154045,0.00154045,0.00154045,0.00154045,0.00154045,0.000795571,0.000795571,0.000795571,0.000795571,0.000795571,-0.000519058,-0.000519058,-0.000519058,-0.000519058,-0.000519058,-0.001550553,-0.001550553,-0.001550553,-0.001550553,-0.001550553,-0.002134605,-0.002134605,-0.002134605,-0.002134605,-0.002134605,-0.002326212,-0.002326212,-0.002326212,-0.002326212,-0.002326212,-0.002377674,-0.002377674,-0.002377674,-0.002377674,-0.002377674,-0.002517089,-0.002517089,-0.002517089,-0.002517089,-0.002517089,-0.002768914,-0.002768914,-0.002768914,-0.002768914,-0.002768914,-0.00316049,-0.00316049,-0.00316049,-0.00316049,-0.00316049,-0.00316049
-0.000554163,-0.000554163,-0.000554163,-0.000554163,-0.000554163,-0.000554163,-0.000799744,-0.000799744,-0.000799744,-0.000799744,-0.000799744,-0.001093188,-0.001093188,-0.001093188,-0.001093188,-0.001093188,-0.001355078,-0.001355078,-0.001355078,-0.001355078,-0.001355078,-0.001627698,-0.001627698,-0.001627698,-0.001627698,-0.001627698,-0.001971611,-0.001971611,-0.001971611,-0.001971611,-0.001971611,-0.002321982,-0.002321982,-0.002321982,-0.002321982,-0.002321982,-0.002451274,-0.002451274,-0.002451274,-0.002451274,-0.002451274,-0.002753568,-0.002753568,-0.002753568,-0.002753568,-0.002753568,-0.002854992,-0.002854992,-0.002854992,-0.002854992,-0.002854992,-0.003003629,-0.003003629,-0.003003629,-0.003003629,-0.003003629,-0.003304397,-0.003304397,-0.003304397,-0.003304397,-0.003304397,-0.003710199,-0.003710199,-0.003710199,-0.003710199,-0.003710199,-0.004074201,-0.004074201,-0.004074201,-0.004074201,-0.004074201,-0.004404359,-0.004404359,-0.004404359,-0.004404359,-0.004404359,-0.005253591,-0.005253591,-0.005253591,-0.005253591,-0.005253591,-0.005253591
0.00477904,0.00477904,0.00477904,0.00477904,0.00477904,0.00477904,0.004687049,0.004687049,0.004687049,0.004687049,0.004687049,0.004262774,0.004262774,0.004262774,0.004262774,0.004262774,0.003826117,0.003826117,0.003826117,0.003826117,0.003826117,0.003654258,0.003654258,0.003654258,0.003654258,0.003654258,0.003681226,0.003681226,0.003681226,0.003681226,0.003681226,0.003763356,0.003763356,0.003763356,0.003763356,0.003763356,0.003735504,0.003735504,0.003735504,0.003735504,0.003735504,0.00339916,0.00339916,0.00339916,0.00339916,0.00339916,0.003021259,0.003021259,0.003021259,0.003021259,0.003021259,0.002660942,0.002660942,0.002660942,0.002660942,0.002660942,0.002325365,0.002325365,0.002325365,0.002325365,0.002325365,0.001971871,0.001971871,0.001971871,0.001971871,0.001971871,0.001586768,0.001586768,0.001586768,0.001586768,0.001586768,0.00117686,0.00117686,0.00117686,0.00117686,0.00117686,0.000754947,0.000754947,0.000754947,0.000754947,0.000754947,0.000754947
-0.001898986,-0.001898986,-0.001898986,-0.001898986,-0.001898986,-0.001898986,-0.002317286,-0.002317286,-0.002317286,-0.002317286,-0.002317286,-0.002196604,-0.002196604,-0.002196604,-0.002196604,-0.002196604,-0.001541985,-0.001541985,-0.001541985,-0.001541985,-0.001541985,-0.001079685,-0.001079685,-0.001079685,-0.001079685,-0.001079685,-0.001054041,-0.001054041,-0.001054041,-0.001054041,-0.001054041,-0.00135764,-0.00135764,-0.00135764,-0.00135764,-0.00135764,-0.001633949,-0.001633949,-0.001633949,-0.001633949,-0.001633949,-0.001981106,-0.001981106,-0.001981106,-0.001981106,-0.001981106,-0.002076332,-0.002076332,-0.002076332,-0.002076332,-0.002076332,-0.002107333,-0.002107333,-0.002107333,-0.002107333,-0.002107333,-0.002189768,-0.002189768,-0.002189768,-0.002189768,-0.002189768,-0.002318876,-0.002318876,-0.002318876,-0.002318876,-0.002318876,-0.002406386,-0.002406386,-0.002406386,-0.002406386,-0.002406386,-0.002464914,-0.002464914,-0.002464914,-0.002464914,-0.002464914,-0.002611374,-0.002611374,-0.002611374,-0.002611374,-0.002611374,-0.002611374
0.003115025,0.003115025,0.003115025,0.003115025,0.003115025,0.003115025,0.002708416,0.002708416,0.002708416,0.002708416,0.002708416,0.002835228,0.002835228,0.002835228,0.002835228,0.002835228,0.002932506,0.002932506,0.002932506,0.002932506,0.002932506,0.002513087,0.002513087,0.002513087,0.002513087,0.002513087,0.001650067,0.001650067,0.001650067,0.001650067,0.001650067,0.000607942,0.000607942,0.000607942,0.000607942,0.000607942,-0.000287323,-0.000287323,-0.000287323,-0.000287323,-0.000287323,-0.001199478,-0.001199478,-0.001199478,-0.001199478,-0.001199478,-0.001708955,-0.001708955,-0.001708955,-0.001708955,-0.001708955,-0.002027148,-0.002027148,-0.002027148,-0.002027148,-0.002027148,-0.002304033,-0.002304033,-0.002304033,-0.002304033,-0.002304033,-0.002499596,-0.002499596,-0.002499596,-0.002499596,-0.002499596,-0.002913581,-0.002913581,-0.002913581,-0.002913581,-0.002913581,-0.003486526,-0.003486526,-0.003486526,-0.003486526,-0.003486526,-0.004071358,-0.004071358,-0.004071358,-0.004071358,-0.004071358,-0.004071358
0.004265539,0.004265539,0.004265539,0.004265539,0.004265539,0.004265539,0.003696282,0.003696282,0.003696282,0.003696282,0.003696282,0.003032763,0.003032763,0.003032763,0.003032763,0.003032763,0.002617391,0.002617391,0.002617391,0.002617391,0.002617391,0.002587921,0.002587921,0.002587921,0.002587921,0.002587921,0.002790622,0.002790622,0.002790622,0.002790622,0.002790622,0.003002581,0.003002581,0.003002581,0.003002581,0.003002581,0.003078304,0.003078304,0.003078304,0.003078304,0.003078304,0.002852617,0.002852617,0.002852617,0.002852617,0.002852617,0.002583641,0.002583641,0.002583641,0.002583641,0.002583641,0.0023224,0.0023224,0.0023224,0.0023224,0.0023224,0.00200069,0.00200069,0.00200069,0.00200069,0.00200069,0.001684353,0.001684353,0.001684353,0.001684353,0.001684353,0.001337134,0.001337134,0.001337134,0.001337134,0.001337134,0.000898893,0.000898893,0.000898893,0.000898893,0.000898893,0.00023478,0.00023478,0.00023478,0.00023478,0.00023478,0.00023478
0.005611513,0.005611513,0.005611513,0.005611513,0.005611513,0.005611513,0.00527325,0.00527325,0.00527325,0.00527325,0.00527325,0.004918889,0.004918889,0.004918889,0.004918889,0.004918889,0.004500449,0.004500449,0.004500449,0.004500449,0.004500449,0.003977926,0.003977926,0.003977926,0.003977926,0.003977926,0.003483581,0.003483581,0.003483581,0.003483581,0.003483581,0.003145075,0.003145075,0.003145075,0.003145075,0.003145075,0.002946581,0.002946581,0.002946581,0.002946581,0.002946581,0.002633069,0.002633069,0.002633069,0.002633069,0.002633069,0.002379321,0.002379321,0.002379321,0.002379321,0.002379321,0.002109729,0.002109729,0.002109729,0.002109729,0.002109729,0.0017526,0.0017526,0.0017526,0.0017526,0.0017526,0.00133111,0.00133111,0.00133111,0.00133111,0.00133111,0.000566661,0.000566661,0.000566661,0.000566661,0.000566661,-4.85443E-05,-4.85443E-05,-4.85443E-05,-4.85443E-05,-4.85443E-05,-0.000568365,-0.000568365,-0.000568365,-0.000568365,-0.000568365,-0.000568365
-0.000486977,-0.000486977,-0.000486977,-0.000486977,-0.000486977,-0.000486977,-0.000404481,-0.000404481,-0.000404481,-0.000404481,-0.000404481,-0.000234505,-0.000234505,-0.000234505,-0.000234505,-0.000234505,-0.000271819,-0.000271819,-0.000271819,-0.000271819,-0.000271819,-0.000596248,-0.000596248,-0.000596248,-0.000596248,-0.000596248,-0.001210224,-0.001210224,-0.001210224,-0.001210224,-0.001210224,-0.001820531,-0.001820531,-0.001820531,-0.001820531,-0.001820531,-0.002239592,-0.002239592,-0.002239592,-0.002239592,-0.002239592,-0.002879473,-0.002879473,-0.002879473,-0.002879473,-0.002879473,-0.00330801,-0.00330801,-0.00330801,-0.00330801,-0.00330801,-0.003613132,-0.003613132,-0.003613132,-0.003613132,-0.003613132,-0.003815187,-0.003815187,-0.003815187,-0.003815187,-0.003815187,-0.003960187,-0.003960187,-0.003960187,-0.003960187,-0.003960187,-0.004046714,-0.004046714,-0.004046714,-0.004046714,-0.004046714,-0.004301022,-0.004301022,-0.004301022,-0.004301022,-0.004301022,-0.004973649,-0.004973649,-0.004973649,-0.004973649,-0.004973649,-0.004973649
-0.001754696,-0.001754696,-0.001754696,-0.001754696,-0.001754696,-0.001754696,-0.001956245,-0.001956245,-0.001956245,-0.001956245,-0.001956245,-0.002130401,-0.002130401,-0.002130401,-0.002130401,-0.002130401,-0.002257358,-0.002257358,-0.002257358,-0.002257358,-0.002257358,-0.002427532,-0.002427532,-0.002427532,-0.002427532,-0.002427532,-0.00259768,-0.00259768,-0.00259768,-0.00259768,-0.00259768,-0.002752467,-0.002752467,-0.002752467,-0.002752467,-0.002752467,-0.002901545,-0.002901545,-0.002901545,-0.002901545,-0.002901545,-0.003510517,-0.003510517,-0.003510517,-0.003510517,-0.003510517,-0.004091108,-0.004091108,-0.004091108,-0.004091108,-0.004091108,-0.004629196,-0.004629196,-0.004629196,-0.004629196,-0.004629196,-0.005106764,-0.005106764,-0.005106764,-0.005106764,-0.005106764,-0.005468322,-0.005468322,-0.005468322,-0.005468322,-0.005468322,-0.005744146,-0.005744146,-0.005744146,-0.005744146,-0.005744146,-0.005988269,-0.005988269,-0.005988269,-0.005988269,-0.005988269,-0.006215404,-0.006215404,-0.006215404,-0.006215404,-0.006215404,-0.006215404
-0.002414591,-0.002414591,-0.002414591,-0.002414591,-0.002414591,-0.002414591,-0.002587958,-0.002587958,-0.002587958,-0.002587958,-0.002587958,-0.002954088,-0.002954088,-0.002954088,-0.002954088,-0.002954088,-0.003167797,-0.003167797,-0.003167797,-0.003167797,-0.003167797,-0.003277486,-0.003277486,-0.003277486,-0.003277486,-0.003277486,-0.003393309,-0.003393309,-0.003393309,-0.003393309,-0.003393309,-0.003578005,-0.003578005,-0.003578005,-0.003578005,-0.003578005,-0.0038703,-0.0038703,-0.0038703,-0.0038703,-0.0038703,-0.004574964,-0.004574964,-0.004574964,-0.004574964,-0.004574964,-0.005197864,-0.005197864,-0.005197864,-0.005197864,-0.005197864,-0.005540955,-0.005540955,-0.005540955,-0.005540955,-0.005540955,-0.005566957,-0.005566957,-0.005566957,-0.005566957,-0.005566957,-0.005480001,-0.005480001,-0.005480001,-0.005480001,-0.005480001,-0.005393366,-0.005393366,-0.005393366,-0.005393366,-0.005393366,-0.005360029,-0.005360029,-0.005360029,-0.005360029,-0.005360029,-0.005443991,-0.005443991,-0.005443991,-0.005443991,-0.005443991,-0.005443991
0.009623365,0.009623365,0.009623365,0.009623365,0.009623365,0.009623365,0.008542098,0.008542098,0.008542098,0.008542098,0.008542098,0.007951905,0.007951905,0.007951905,0.007951905,0.007951905,0.007544889,0.007544889,0.007544889,0.007544889,0.007544889,0.006986547,0.006986547,0.006986547,0.006986547,0.006986547,0.006125767,0.006125767,0.006125767,0.006125767,0.006125767,0.005155915,0.005155915,0.005155915,0.005155915,0.005155915,0.004305701,0.004305701,0.004305701,0.004305701,0.004305701,0.003366864,0.003366864,0.003366864,0.003366864,0.003366864,0.00268619,0.00268619,0.00268619,0.00268619,0.00268619,0.002153845,0.002153845,0.002153845,0.002153845,0.002153845,0.001689219,0.001689219,0.001689219,0.001689219,0.001689219,0.001251142,0.001251142,0.001251142,0.001251142,0.001251142,0.000794286,0.000794286,0.000794286,0.000794286,0.000794286,0.000313977,0.000313977,0.000313977,0.000313977,0.000313977,-0.000286345,-0.000286345,-0.000286345,-0.000286345,-0.000286345,-0.000286345
0.000446256,0.000446256,0.000446256,0.000446256,0.000446256,0.000446256,0.000369683,0.000369683,0.000369683,0.000369683,0.000369683,0.000240575,0.000240575,0.000240575,0.000240575,0.000240575,-1.93577E-05,-1.93577E-05,-1.93577E-05,-1.93577E-05,-1.93577E-05,-0.000552372,-0.000552372,-0.000552372,-0.000552372,-0.000552372,-0.001217346,-0.001217346,-0.001217346,-0.001217346,-0.001217346,-0.001891323,-0.001891323,-0.001891323,-0.001891323,-0.001891323,-0.00239602,-0.00239602,-0.00239602,-0.00239602,-0.00239602,-0.002991933,-0.002991933,-0.002991933,-0.002991933,-0.002991933,-0.003298886,-0.003298886,-0.003298886,-0.003298886,-0.003298886,-0.003388121,-0.003388121,-0.003388121,-0.003388121,-0.003388121,-0.003381443,-0.003381443,-0.003381443,-0.003381443,-0.003381443,-0.003386599,-0.003386599,-0.003386599,-0.003386599,-0.003386599,-0.003762355,-0.003762355,-0.003762355,-0.003762355,-0.003762355,-0.004389952,-0.004389952,-0.004389952,-0.004389952,-0.004389952,-0.004974598,-0.004974598,-0.004974598,-0.004974598,-0.004974598,-0.004974598
-0.004110636,-0.004110636,-0.004110636,-0.004110636,-0.004110636,-0.004110636,-0.004771349,-0.004771349,-0.004771349,-0.004771349,-0.004771349,-0.005595909,-0.005595909,-0.005595909,-0.005595909,-0.005595909,-0.005924619,-0.005924619,-0.005924619,-0.005924619,-0.005924619,-0.005892564,-0.005892564,-0.005892564,-0.005892564,-0.005892564,-0.006001496,-0.006001496,-0.006001496,-0.006001496,-0.006001496,-0.006412105,-0.006412105,-0.006412105,-0.006412105,-0.006412105,-0.006939953,-0.006939953,-0.006939953,-0.006939953,-0.006939953,-0.007176335,-0.007176335,-0.007176335,-0.007176335,-0.007176335,-0.007182959,-0.007182959,-0.007182959,-0.007182959,-0.007182959,-0.00685883,-0.00685883,-0.00685883,-0.00685883,-0.00685883,-0.006398727,-0.006398727,-0.006398727,-0.006398727,-0.006398727,-0.005872456,-0.005872456,-0.005872456,-0.005872456,-0.005872456,-0.00527533,-0.00527533,-0.00527533,-0.00527533,-0.00527533,-0.004623665,-0.004623665,-0.004623665,-0.004623665,-0.004623665,-0.00400825,-0.00400825,-0.00400825,-0.00400825,-0.00400825,-0.00400825
0.013542488,0.013542488,0.013542488,0.013542488,0.013542488,0.013542488,0.012782814,0.012782814,0.012782814,0.012782814,0.012782814,0.011845243,0.011845243,0.011845243,0.011845243,0.011845243,0.010857987,0.010857987,0.010857987,0.010857987,0.010857987,0.009876535,0.009876535,0.009876535,0.009876535,0.009876535,0.008897222,0.008897222,0.008897222,0.008897222,0.008897222,0.007913411,0.007913411,0.007913411,0.007913411,0.007913411,0.006975614,0.006975614,0.006975614,0.006975614,0.006975614,0.005616458,0.005616458,0.005616458,0.005616458,0.005616458,0.004326502,0.004326502,0.004326502,0.004326502,0.004326502,0.003099869,0.003099869,0.003099869,0.003099869,0.003099869,0.001941525,0.001941525,0.001941525,0.001941525,0.001941525,0.000876777,0.000876777,0.000876777,0.000876777,0.000876777,-9.34367E-05,-9.34367E-05,-9.34367E-05,-9.34367E-05,-9.34367E-05,-0.001049748,-0.001049748,-0.001049748,-0.001049748,-0.001049748,-0.002255654,-0.002255654,-0.002255654,-0.002255654,-0.002255654,-0.002255654
-0.00502336,-0.00502336,-0.00502336,-0.00502336,-0.00502336,-0.00502336,-0.004980137,-0.004980137,-0.004980137,-0.004980137,-0.004980137,-0.00494458,-0.00494458,-0.00494458,-0.00494458,-0.00494458,-0.0046566,-0.0046566,-0.0046566,-0.0046566,-0.0046566,-0.004671318,-0.004671318,-0.004671318,-0.004671318,-0.004671318,-0.004849103,-0.004849103,-0.004849103,-0.004849103,-0.004849103,-0.005045399,-0.005045399,-0.005045399,-0.005045399,-0.005045399,-0.005210416,-0.005210416,-0.005210416,-0.005210416,-0.005210416,-0.005694453,-0.005694453,-0.005694453,-0.005694453,-0.005694453,-0.006117059,-0.006117059,-0.006117059,-0.006117059,-0.006117059,-0.00647027,-0.00647027,-0.00647027,-0.00647027,-0.00647027,-0.006666257,-0.006666257,-0.006666257,-0.006666257,-0.006666257,-0.006603627,-0.006603627,-0.006603627,-0.006603627,-0.006603627,-0.006296931,-0.006296931,-0.006296931,-0.006296931,-0.006296931,-0.00594558,-0.00594558,-0.00594558,-0.00594558,-0.00594558,-0.005823524,-0.005823524,-0.005823524,-0.005823524,-0.005823524,-0.005823524
0.00308248,0.00308248,0.00308248,0.00308248,0.00308248,0.00308248,0.002031685,0.002031685,0.002031685,0.002031685,0.002031685,0.000877193,0.000877193,0.000877193,0.000877193,0.000877193,-8.83754E-05,-8.83754E-05,-8.83754E-05,-8.83754E-05,-8.83754E-05,-0.000599775,-0.000599775,-0.000599775,-0.000599775,-0.000599775,-0.000780161,-0.000780161,-0.000780161,-0.000780161,-0.000780161,-0.000863322,-0.000863322,-0.000863322,-0.000863322,-0.000863322,-0.00103404,-0.00103404,-0.00103404,-0.00103404,-0.00103404,-0.00178135,-0.00178135,-0.00178135,-0.00178135,-0.00178135,-0.002683215,-0.002683215,-0.002683215,-0.002683215,-0.002683215,-0.003627712,-0.003627712,-0.003627712,-0.003627712,-0.003627712,-0.00441421,-0.00441421,-0.00441421,-0.00441421,-0.00441421,-0.004902283,-0.004902283,-0.004902283,-0.004902283,-0.004902283,-0.005129115,-0.005129115,-0.005129115,-0.005129115,-0.005129115,-0.005129209,-0.005129209,-0.005129209,-0.005129209,-0.005129209,-0.005095763,-0.005095763,-0.005095763,-0.005095763,-0.005095763,-0.005095763
0.003740582,0.003740582,0.003740582,0.003740582,0.003740582,0.003740582,0.00333628,0.00333628,0.00333628,0.00333628,0.00333628,0.002662649,0.002662649,0.002662649,0.002662649,0.002662649,0.002043464,0.002043464,0.002043464,0.002043464,0.002043464,0.001560339,0.001560339,0.001560339,0.001560339,0.001560339,0.001321768,0.001321768,0.001321768,0.001321768,0.001321768,0.001256293,0.001256293,0.001256293,0.001256293,0.001256293,0.001290311,0.001290311,0.001290311,0.001290311,0.001290311,0.00119511,0.00119511,0.00119511,0.00119511,0.00119511,0.001097066,0.001097066,0.001097066,0.001097066,0.001097066,0.000965473,0.000965473,0.000965473,0.000965473,0.000965473,0.000701629,0.000701629,0.000701629,0.000701629,0.000701629,0.00035692,0.00035692,0.00035692,0.00035692,0.00035692,-3.81527E-05,-3.81527E-05,-3.81527E-05,-3.81527E-05,-3.81527E-05,-0.000420468,-0.000420468,-0.000420468,-0.000420468,-0.000420468,-0.001191225,-0.001191225,-0.001191225,-0.001191225,-0.001191225,-0.001191225
0.010446837,0.010446837,0.010446837,0.010446837,0.010446837,0.010446837,0.009888793,0.009888793,0.009888793,0.009888793,0.009888793,0.009011236,0.009011236,0.009011236,0.009011236,0.009011236,0.008265236,0.008265236,0.008265236,0.008265236,0.008265236,0.007822934,0.007822934,0.007822934,0.007822934,0.007822934,0.007547195,0.007547195,0.007547195,0.007547195,0.007547195,0.007261011,0.007261011,0.007261011,0.007261011,0.007261011,0.006830584,0.006830584,0.006830584,0.006830584,0.006830584,0.005950741,0.005950741,0.005950741,0.005950741,0.005950741,0.005132385,0.005132385,0.005132385,0.005132385,0.005132385,0.004441111,0.004441111,0.004441111,0.004441111,0.004441111,0.003802333,0.003802333,0.003802333,0.003802333,0.003802333,0.003124711,0.003124711,0.003124711,0.003124711,0.003124711,0.002411365,0.002411365,0.002411365,0.002411365,0.002411365,0.001593196,0.001593196,0.001593196,0.001593196,0.001593196,0.000548625,0.000548625,0.000548625,0.000548625,0.000548625,0.000548625
-0.000786831,-0.000786831,-0.000786831,-0.000786831,-0.000786831,-0.000786831,-0.001941553,-0.001941553,-0.001941553,-0.001941553,-0.001941553,-0.003172372,-0.003172372,-0.003172372,-0.003172372,-0.003172372,-0.003814251,-0.003814251,-0.003814251,-0.003814251,-0.003814251,-0.003960561,-0.003960561,-0.003960561,-0.003960561,-0.003960561,-0.003957098,-0.003957098,-0.003957098,-0.003957098,-0.003957098,-0.004169284,-0.004169284,-0.004169284,-0.004169284,-0.004169284,-0.004682201,-0.004682201,-0.004682201,-0.004682201,-0.004682201,-0.005540829,-0.005540829,-0.005540829,-0.005540829,-0.005540829,-0.006377737,-0.006377737,-0.006377737,-0.006377737,-0.006377737,-0.006855903,-0.006855903,-0.006855903,-0.006855903,-0.006855903,-0.006873196,-0.006873196,-0.006873196,-0.006873196,-0.006873196,-0.006563646,-0.006563646,-0.006563646,-0.006563646,-0.006563646,-0.006132286,-0.006132286,-0.006132286,-0.006132286,-0.006132286,-0.005737394,-0.005737394,-0.005737394,-0.005737394,-0.005737394,-0.005514492,-0.005514492,-0.005514492,-0.005514492,-0.005514492,-0.005514492
0.001630143,0.001630143,0.001630143,0.001630143,0.001630143,0.001630143,0.001507536,0.001507536,0.001507536,0.001507536,0.001507536,0.001454842,0.001454842,0.001454842,0.001454842,0.001454842,0.001260984,0.001260984,0.001260984,0.001260984,0.001260984,0.000888697,0.000888697,0.000888697,0.000888697,0.000888697,0.000458544,0.000458544,0.000458544,0.000458544,0.000458544,-7.28486E-05,-7.28486E-05,-7.28486E-05,-7.28486E-05,-7.28486E-05,-0.000506889,-0.000506889,-0.000506889,-0.000506889,-0.000506889,-0.001175986,-0.001175986,-0.001175986,-0.001175986,-0.001175986,-0.001716436,-0.001716436,-0.001716436,-0.001716436,-0.001716436,-0.002151456,-0.002151456,-0.002151456,-0.002151456,-0.002151456,-0.002430383,-0.002430383,-0.002430383,-0.002430383,-0.002430383,-0.002607523,-0.002607523,-0.002607523,-0.002607523,-0.002607523,-0.002806956,-0.002806956,-0.002806956,-0.002806956,-0.002806956,-0.003092211,-0.003092211,-0.003092211,-0.003092211,-0.003092211,-0.003737716,-0.003737716,-0.003737716,-0.003737716,-0.003737716,-0.003737716
-0.003992047,-0.003992047,-0.003992047,-0.003992047,-0.003992047,-0.003992047,-0.004355719,-0.004355719,-0.004355719,-0.004355719,-0.004355719,-0.004769809,-0.004769809,-0.004769809,-0.004769809,-0.004769809,-0.005302131,-0.005302131,-0.005302131,-0.005302131,-0.005302131,-0.005984469,-0.005984469,-0.005984469,-0.005984469,-0.005984469,-0.006816128,-0.006816128,-0.006816128,-0.006816128,-0.006816128,-0.007720948,-0.007720948,-0.007720948,-0.007720948,-0.007720948,-0.00864761,-0.00864761,-0.00864761,-0.00864761,-0.00864761,-0.009475458,-0.009475458,-0.009475458,-0.009475458,-0.009475458,-0.00999204,-0.00999204,-0.00999204,-0.00999204,-0.00999204,-0.010116566,-0.010116566,-0.010116566,-0.010116566,-0.010116566,-0.00986683,-0.00986683,-0.00986683,-0.00986683,-0.00986683,-0.009344831,-0.009344831,-0.009344831,-0.009344831,-0.009344831,-0.008652963,-0.008652963,-0.008652963,-0.008652963,-0.008652963,-0.008058577,-0.008058577,-0.008058577,-0.008058577,-0.008058577,-0.007698219,-0.007698219,-0.007698219,-0.007698219,-0.007698219,-0.007698219
0.008080905,0.008080905,0.008080905,0.008080905,0.008080905,0.008080905,0.007112269,0.007112269,0.007112269,0.007112269,0.007112269,0.006373535,0.006373535,0.006373535,0.006373535,0.006373535,0.006342276,0.006342276,0.006342276,0.006342276,0.006342276,0.006614821,0.006614821,0.006614821,0.006614821,0.006614821,0.00675783,0.00675783,0.00675783,0.00675783,0.00675783,0.006546011,0.006546011,0.006546011,0.006546011,0.006546011,0.006071765,0.006071765,0.006071765,0.006071765,0.006071765,0.005216343,0.005216343,0.005216343,0.005216343,0.005216343,0.004624883,0.004624883,0.004624883,0.004624883,0.004624883,0.004201739,0.004201739,0.004201739,0.004201739,0.004201739,0.003722982,0.003722982,0.003722982,0.003722982,0.003722982,0.003081285,0.003081285,0.003081285,0.003081285,0.003081285,0.002343067,0.002343067,0.002343067,0.002343067,0.002343067,0.001605702,0.001605702,0.001605702,0.001605702,0.001605702,0.000720216,0.000720216,0.000720216,0.000720216,0.000720216,0.000720216
0.002154305,0.002154305,0.002154305,0.002154305,0.002154305,0.002154305,0.00168995,0.00168995,0.00168995,0.00168995,0.00168995,0.001477915,0.001477915,0.001477915,0.001477915,0.001477915,0.001550907,0.001550907,0.001550907,0.001550907,0.001550907,0.001553692,0.001553692,0.001553692,0.001553692,0.001553692,0.001365734,0.001365734,0.001365734,0.001365734,0.001365734,0.001071237,0.001071237,0.001071237,0.001071237,0.001071237,0.00082891,0.00082891,0.00082891,0.00082891,0.00082891,0.000282974,0.000282974,0.000282974,0.000282974,0.000282974,-8.90494E-05,-8.90494E-05,-8.90494E-05,-8.90494E-05,-8.90494E-05,-0.000420428,-0.000420428,-0.000420428,-0.000420428,-0.000420428,-0.000779512,-0.000779512,-0.000779512,-0.000779512,-0.000779512,-0.001210123,-0.001210123,-0.001210123,-0.001210123,-0.001210123,-0.001647237,-0.001647237,-0.001647237,-0.001647237,-0.001647237,-0.002051649,-0.002051649,-0.002051649,-0.002051649,-0.002051649,-0.002503607,-0.002503607,-0.002503607,-0.002503607,-0.002503607,-0.002503607
0.001663644,0.001663644,0.001663644,0.001663644,0.001663644,0.001663644,0.000534833,0.000534833,0.000534833,0.000534833,0.000534833,-0.000697708,-0.000697708,-0.000697708,-0.000697708,-0.000697708,-0.001286477,-0.001286477,-0.001286477,-0.001286477,-0.001286477,-0.001426777,-0.001426777,-0.001426777,-0.001426777,-0.001426777,-0.001556567,-0.001556567,-0.001556567,-0.001556567,-0.001556567,-0.001946743,-0.001946743,-0.001946743,-0.001946743,-0.001946743,-0.00263376,-0.00263376,-0.00263376,-0.00263376,-0.00263376,-0.003785006,-0.003785006,-0.003785006,-0.003785006,-0.003785006,-0.004753039,-0.004753039,-0.004753039,-0.004753039,-0.004753039,-0.00527288,-0.00527288,-0.00527288,-0.00527288,-0.00527288,-0.005358907,-0.005358907,-0.005358907,-0.005358907,-0.005358907,-0.005240301,-0.005240301,-0.005240301,-0.005240301,-0.005240301,-0.005102659,-0.005102659,-0.005102659,-0.005102659,-0.005102659,-0.005078524,-0.005078524,-0.005078524,-0.005078524,-0.005078524,-0.005192633,-0.005192633,-0.005192633,-0.005192633,-0.005192633,-0.005192633
0.008729412,0.008729412,0.008729412,0.008729412,0.008729412,0.008729412,0.007356214,0.007356214,0.007356214,0.007356214,0.007356214,0.006103725,0.006103725,0.006103725,0.006103725,0.006103725,0.004966653,0.004966653,0.004966653,0.004966653,0.004966653,0.003858922,0.003858922,0.003858922,0.003858922,0.003858922,0.002791384,0.002791384,0.002791384,0.002791384,0.002791384,0.001672314,0.001672314,0.001672314,0.001672314,0.001672314,0.000709731,0.000709731,0.000709731,0.000709731,0.000709731,-6.60853E-06,-6.60853E-06,-6.60853E-06,-6.60853E-06,-6.60853E-06,-0.000708019,-0.000708019,-0.000708019,-0.000708019,-0.000708019,-0.001405047,-0.001405047,-0.001405047,-0.001405047,-0.001405047,-0.002038581,-0.002038581,-0.002038581,-0.002038581,-0.002038581,-0.002543772,-0.002543772,-0.002543772,-0.002543772,-0.002543772,-0.002787125,-0.002787125,-0.002787125,-0.002787125,-0.002787125,-0.002996412,-0.002996412,-0.002996412,-0.002996412,-0.002996412,-0.003245597,-0.003245597,-0.003245597,-0.003245597,-0.003245597,-0.003245597
0.005917325,0.005917325,0.005917325,0.005917325,0.005917325,0.005917325,0.005356236,0.005356236,0.005356236,0.005356236,0.005356236,0.004844817,0.004844817,0.004844817,0.004844817,0.004844817,0.00454662,0.00454662,0.00454662,0.00454662,0.00454662,0.004402074,0.004402074,0.004402074,0.004402074,0.004402074,0.004140053,0.004140053,0.004140053,0.004140053,0.004140053,0.003762349,0.003762349,0.003762349,0.003762349,0.003762349,0.003370129,0.003370129,0.003370129,0.003370129,0.003370129,0.002861292,0.002861292,0.002861292,0.002861292,0.002861292,0.002518765,0.002518765,0.002518765,0.002518765,0.002518765,0.002246346,0.002246346,0.002246346,0.002246346,0.002246346,0.001902132,0.001902132,0.001902132,0.001902132,0.001902132,0.001486987,0.001486987,0.001486987,0.001486987,0.001486987,0.001075208,0.001075208,0.001075208,0.001075208,0.001075208,0.000719613,0.000719613,0.000719613,0.000719613,0.000719613,0.000265748,0.000265748,0.000265748,0.000265748,0.000265748,0.000265748
-0.003164515,-0.003164515,-0.003164515,-0.003164515,-0.003164515,-0.003164515,-0.004004818,-0.004004818,-0.004004818,-0.004004818,-0.004004818,-0.004592367,-0.004592367,-0.004592367,-0.004592367,-0.004592367,-0.005005836,-0.005005836,-0.005005836,-0.005005836,-0.005005836,-0.005366871,-0.005366871,-0.005366871,-0.005366871,-0.005366871,-0.005611425,-0.005611425,-0.005611425,-0.005611425,-0.005611425,-0.005748208,-0.005748208,-0.005748208,-0.005748208,-0.005748208,-0.005961537,-0.005961537,-0.005961537,-0.005961537,-0.005961537,-0.006567974,-0.006567974,-0.006567974,-0.006567974,-0.006567974,-0.007116488,-0.007116488,-0.007116488,-0.007116488,-0.007116488,-0.007423795,-0.007423795,-0.007423795,-0.007423795,-0.007423795,-0.007563904,-0.007563904,-0.007563904,-0.007563904,-0.007563904,-0.008062894,-0.008062894,-0.008062894,-0.008062894,-0.008062894,-0.008322609,-0.008322609,-0.008322609,-0.008322609,-0.008322609,-0.008492947,-0.008492947,-0.008492947,-0.008492947,-0.008492947,-0.008669244,-0.008669244,-0.008669244,-0.008669244,-0.008669244,-0.008669244
0.007590658,0.007590658,0.007590658,0.007590658,0.007590658,0.007590658,0.006980253,0.006980253,0.006980253,0.006980253,0.006980253,0.006304295,0.006304295,0.006304295,0.006304295,0.006304295,0.005668483,0.005668483,0.005668483,0.005668483,0.005668483,0.005059315,0.005059315,0.005059315,0.005059315,0.005059315,0.004677679,0.004677679,0.004677679,0.004677679,0.004677679,0.004560838,0.004560838,0.004560838,0.004560838,0.004560838,0.004510988,0.004510988,0.004510988,0.004510988,0.004510988,0.004159248,0.004159248,0.004159248,0.004159248,0.004159248,0.003640868,0.003640868,0.003640868,0.003640868,0.003640868,0.003022345,0.003022345,0.003022345,0.003022345,0.003022345,0.00235383,0.00235383,0.00235383,0.00235383,0.00235383,0.001732674,0.001732674,0.001732674,0.001732674,0.001732674,0.001213946,0.001213946,0.001213946,0.001213946,0.001213946,0.000757175,0.000757175,0.000757175,0.000757175,0.000757175,0.000269741,0.000269741,0.000269741,0.000269741,0.000269741,0.000269741
