-0.03017837,-0.03017837,-0.03017837,-0.03017837,-0.03017837,-0.03017837,-0.03017837,-0.03017837,-0.03017837,-0.03017837,-0.03017837,-0.03017837,-0.03017837,-0.03017837,-0.03017837,-0.03017837,-0.03017837,-0.03017837,-0.03017837,-0.03017837,-0.03017837,-0.03017837,-0.03017837,-0.03017837,-0.03017837,-0.03017837,-0.03017837,-0.03017837,-0.03017837,-0.03017837,-0.03017837,-0.03017837,-0.03017837,-0.03017837,-0.03017837,-0.03017837,-0.03017837,-0.03017837,-0.03017837,-0.03017837,-0.03017837,-0.03017837,-0.03017837,-0.03017837,-0.03017837,-0.03017837,-0.03017837,-0.03017837,-0.03017837,-0.03017837,-0.03017837,-0.03017837,-0.03017837,-0.03017837,-0.03017837,-0.03017837,-0.03017837,-0.03017837,-0.03017837,-0.03017837,-0.03017837,-0.03017837,-0.03017837,-0.03017837,-0.03017837,-0.03017837,-0.03017837,-0.03017837,-0.03017837,-0.03017837,-0.03017837,-0.03017837,-0.03017837,-0.03017837,-0.03017837,-0.03017837,-0.03017837,-0.03017837,-0.03017837,-0.03017837,-0.03017837,-0.03017837
-0.03031785,-0.03031785,-0.03031785,-0.03031785,-0.03031785,-0.03031785,-0.03031785,-0.03031785,-0.03031785,-0.03031785,-0.03031785,-0.03031785,-0.03031785,-0.03031785,-0.03031785,-0.03031785,-0.03031785,-0.03031785,-0.03031785,-0.03031785,-0.03031785,-0.03031785,-0.03031785,-0.03031785,-0.03031785,-0.03031785,-0.03031785,-0.03031785,-0.03031785,-0.03031785,-0.03031785,-0.03031785,-0.03031785,-0.03031785,-0.03031785,-0.03031785,-0.03031785,-0.03031785,-0.03031785,-0.03031785,-0.03031785,-0.03031785,-0.03031785,-0.03031785,-0.03031785,-0.03031785,-0.03031785,-0.03031785,-0.03031785,-0.03031785,-0.03031785,-0.03031785,-0.03031785,-0.03031785,-0.03031785,-0.03031785,-0.03031785,-0.03031785,-0.03031785,-0.03031785,-0.03031785,-0.03031785,-0.03031785,-0.03031785,-0.03031785,-0.03031785,-0.03031785,-0.03031785,-0.03031785,-0.03031785,-0.03031785,-0.03031785,-0.03031785,-0.03031785,-0.03031785,-0.03031785,-0.03031785,-0.03031785,-0.03031785,-0.03031785,-0.03031785,-0.03031785
0.016740079,0.016740079,0.016740079,0.016740079,0.016740079,0.016740079,0.016740079,0.016740079,0.016740079,0.016740079,0.016740079,-0.01,-0.01,-0.01,-0.01,-0.01,-0.01,-0.01,-0.01,-0.01,-0.01,-0.01,-0.01,-0.01,-0.01,-0.01,-0.01,-0.01,-0.01,-0.01,-0.01,-0.01,-0.01,-0.01,-0.01,-0.01,-0.01,-0.01,-0.01,-0.01,-0.01,-0.01,-0.01,-0.01,-0.01,-0.01,-0.01,-0.01,-0.01,-0.01,-0.01,-0.01,-0.01,-0.01,-0.01,-0.01,-0.01,-0.01,-0.01,-0.01,-0.01,-0.01,-0.01,-0.01,-0.01,-0.01,-0.01,-0.01,-0.01,-0.01,-0.01,-0.01,-0.01,-0.01,-0.01,-0.01,-0.01,-0.01,-0.01,-0.01,-0.01,-0.01
-0.01551468,-0.01551468,-0.01551468,-0.01551468,-0.01551468,-0.01551468,-0.01551468,-0.01551468,-0.01551468,-0.01551468,-0.01551468,-0.01551468,-0.01551468,-0.01551468,-0.01551468,-0.01551468,-0.01551468,-0.01551468,-0.01551468,-0.01551468,-0.01551468,-0.01551468,-0.01551468,-0.01551468,-0.01551468,-0.01551468,-0.01551468,-0.01551468,-0.01551468,-0.01551468,-0.01551468,-0.01551468,-0.01551468,-0.01551468,-0.01551468,-0.01551468,-0.01551468,-0.01551468,-0.01551468,-0.01551468,-0.01551468,-0.01551468,-0.01551468,-0.01551468,-0.01551468,-0.01551468,-0.01551468,-0.01551468,-0.01551468,-0.01551468,-0.01551468,-0.01551468,-0.01551468,-0.01551468,-0.01551468,-0.01551468,-0.01551468,-0.01551468,-0.01551468,-0.01551468,-0.01551468,-0.01551468,-0.01551468,-0.01551468,-0.01551468,-0.01551468,-0.01551468,-0.01551468,-0.01551468,-0.01551468,-0.01551468,-0.01551468,-0.01551468,-0.01551468,-0.01551468,-0.01551468,-0.01551468,-0.01551468,-0.01551468,-0.01551468,-0.01551468,-0.01551468
0.035801423,0.035801423,0.035801423,0.035801423,0.035801423,0.035801423,0.035801423,0.035801423,0.035801423,0.035801423,0.035801423,-0.01,-0.01,-0.01,-0.01,-0.01,-0.01,-0.01,-0.01,-0.01,-0.01,-0.01,-0.01,-0.01,-0.01,-0.01,-0.01,-0.01,-0.01,-0.01,-0.01,-0.01,-0.01,-0.01,-0.01,-0.01,-0.01,-0.01,-0.01,-0.01,-0.01,-0.01,-0.01,-0.01,-0.01,-0.01,-0.01,-0.01,-0.01,-0.01,-0.01,-0.01,-0.01,-0.01,-0.01,-0.01,-0.01,-0.01,-0.01,-0.01,-0.01,-0.01,-0.01,-0.01,-0.01,-0.01,-0.01,-0.01,-0.01,-0.01,-0.01,-0.01,-0.01,-0.01,-0.01,-0.01,-0.01,-0.01,-0.01,-0.01,-0.01,-0.01
-0.053666657,-0.053666657,-0.053666657,-0.053666657,-0.053666657,-0.053666657,-0.053666657,-0.053666657,-0.053666657,-0.053666657,-0.053666657,-0.053666657,-0.053666657,-0.053666657,-0.053666657,-0.053666657,-0.053666657,-0.053666657,-0.053666657,-0.053666657,-0.053666657,-0.053666657,-0.053666657,-0.053666657,-0.053666657,-0.053666657,-0.053666657,-0.053666657,-0.053666657,-0.053666657,-0.053666657,-0.053666657,-0.053666657,-0.053666657,-0.053666657,-0.053666657,-0.053666657,-0.053666657,-0.053666657,-0.053666657,-0.053666657,-0.053666657,-0.053666657,-0.053666657,-0.053666657,-0.053666657,-0.053666657,-0.053666657,-0.053666657,-0.053666657,-0.053666657,-0.053666657,-0.053666657,-0.053666657,-0.053666657,-0.053666657,-0.053666657,-0.053666657,-0.053666657,-0.053666657,-0.053666657,-0.053666657,-0.053666657,-0.053666657,-0.053666657,-0.053666657,-0.053666657,-0.053666657,-0.053666657,-0.053666657,-0.053666657,-0.053666657,-0.053666657,-0.053666657,-0.053666657,-0.053666657,-0.053666657,-0.053666657,-0.053666657,-0.053666657,-0.053666657,-0.053666657
0.007141143,0.007141143,0.007141143,0.007141143,0.007141143,0.007141143,0.007141143,0.007141143,0.007141143,0.007141143,0.007141143,-0.01,-0.01,-0.01,-0.01,-0.01,-0.01,-0.01,-0.01,-0.01,-0.01,-0.01,-0.01,-0.01,-0.01,-0.01,-0.01,-0.01,-0.01,-0.01,-0.01,-0.01,-0.01,-0.01,-0.01,-0.01,-0.01,-0.01,-0.01,-0.01,-0.01,-0.01,-0.01,-0.01,-0.01,-0.01,-0.01,-0.01,-0.01,-0.01,-0.01,-0.01,-0.01,-0.01,-0.01,-0.01,-0.01,-0.01,-0.01,-0.01,-0.01,-0.01,-0.01,-0.01,-0.01,-0.01,-0.01,-0.01,-0.01,-0.01,-0.01,-0.01,-0.01,-0.01,-0.01,-0.01,-0.01,-0.01,-0.01,-0.01,-0.01,-0.01
0.000506311,0.000506311,0.000506311,0.000506311,0.000506311,0.000506311,0.000506311,0.000506311,0.000506311,0.000506311,0.000506311,-0.01,-0.01,-0.01,-0.01,-0.01,-0.01,-0.01,-0.01,-0.01,-0.01,-0.01,-0.01,-0.01,-0.01,-0.01,-0.01,-0.01,-0.01,-0.01,-0.01,-0.01,-0.01,-0.01,-0.01,-0.01,-0.01,-0.01,-0.01,-0.01,-0.01,-0.01,-0.01,-0.01,-0.01,-0.01,-0.01,-0.01,-0.01,-0.01,-0.01,-0.01,-0.01,-0.01,-0.01,-0.01,-0.01,-0.01,-0.01,-0.01,-0.01,-0.01,-0.01,-0.01,-0.01,-0.01,-0.01,-0.01,-0.01,-0.01,-0.01,-0.01,-0.01,-0.01,-0.01,-0.01,-0.01,-0.01,-0.01,-0.01,-0.01,-0.01
0.025804824,0.025804824,0.025804824,0.025804824,0.025804824,0.025804824,0.025804824,0.025804824,0.025804824,0.025804824,0.025804824,-0.01,-0.01,-0.01,-0.01,-0.01,-0.01,-0.01,-0.01,-0.01,-0.01,-0.01,-0.01,-0.01,-0.01,-0.01,-0.01,-0.01,-0.01,-0.01,-0.01,-0.01,-0.01,-0.01,-0.01,-0.01,-0.01,-0.01,-0.01,-0.01,-0.01,-0.01,-0.01,-0.01,-0.01,-0.01,-0.01,-0.01,-0.01,-0.01,-0.01,-0.01,-0.01,-0.01,-0.01,-0.01,-0.01,-0.01,-0.01,-0.01,-0.01,-0.01,-0.01,-0.01,-0.01,-0.01,-0.01,-0.01,-0.01,-0.01,-0.01,-0.01,-0.01,-0.01,-0.01,-0.01,-0.01,-0.01,-0.01,-0.01,-0.01,-0.01
0.019098792,0.019098792,0.019098792,0.019098792,0.019098792,0.019098792,0.019098792,0.019098792,0.019098792,0.019098792,0.019098792,-0.01,-0.01,-0.01,-0.01,-0.01,-0.01,-0.01,-0.01,-0.01,-0.01,-0.01,-0.01,-0.01,-0.01,-0.01,-0.01,-0.01,-0.01,-0.01,-0.01,-0.01,-0.01,-0.01,-0.01,-0.01,-0.01,-0.01,-0.01,-0.01,-0.01,-0.01,-0.01,-0.01,-0.01,-0.01,-0.01,-0.01,-0.01,-0.01,-0.01,-0.01,-0.01,-0.01,-0.01,-0.01,-0.01,-0.01,-0.01,-0.01,-0.01,-0.01,-0.01,-0.01,-0.01,-0.01,-0.01,-0.01,-0.01,-0.01,-0.01,-0.01,-0.01,-0.01,-0.01,-0.01,-0.01,-0.01,-0.01,-0.01,-0.01,-0.01
-0.011325507,-0.011325507,-0.011325507,-0.011325507,-0.011325507,-0.011325507,-0.011325507,-0.011325507,-0.011325507,-0.011325507,-0.011325507,-0.011325507,-0.011325507,-0.011325507,-0.011325507,-0.011325507,-0.011325507,-0.011325507,-0.011325507,-0.011325507,-0.011325507,-0.011325507,-0.011325507,-0.011325507,-0.011325507,-0.011325507,-0.011325507,-0.011325507,-0.011325507,-0.011325507,-0.011325507,-0.011325507,-0.011325507,-0.011325507,-0.011325507,-0.011325507,-0.011325507,-0.011325507,-0.011325507,-0.011325507,-0.011325507,-0.011325507,-0.011325507,-0.011325507,-0.011325507,-0.011325507,-0.011325507,-0.011325507,-0.011325507,-0.011325507,-0.011325507,-0.011325507,-0.011325507,-0.011325507,-0.011325507,-0.011325507,-0.011325507,-0.011325507,-0.011325507,-0.011325507,-0.011325507,-0.011325507,-0.011325507,-0.011325507,-0.011325507,-0.011325507,-0.011325507,-0.011325507,-0.011325507,-0.011325507,-0.011325507,-0.011325507,-0.011325507,-0.011325507,-0.011325507,-0.011325507,-0.011325507,-0.011325507,-0.011325507,-0.011325507,-0.011325507,-0.011325507
-0.059059224,-0.059059224,-0.059059224,-0.059059224,-0.059059224,-0.059059224,-0.059059224,-0.059059224,-0.059059224,-0.059059224,-0.059059224,-0.059059224,-0.059059224,-0.059059224,-0.059059224,-0.059059224,-0.059059224,-0.059059224,-0.059059224,-0.059059224,-0.059059224,-0.059059224,-0.059059224,-0.059059224,-0.059059224,-0.059059224,-0.059059224,-0.059059224,-0.059059224,-0.059059224,-0.059059224,-0.059059224,-0.059059224,-0.059059224,-0.059059224,-0.059059224,-0.059059224,-0.059059224,-0.059059224,-0.059059224,-0.059059224,-0.059059224,-0.059059224,-0.059059224,-0.059059224,-0.059059224,-0.059059224,-0.059059224,-0.059059224,-0.059059224,-0.059059224,-0.059059224,-0.059059224,-0.059059224,-0.059059224,-0.059059224,-0.059059224,-0.059059224,-0.059059224,-0.059059224,-0.059059224,-0.059059224,-0.059059224,-0.059059224,-0.059059224,-0.059059224,-0.059059224,-0.059059224,-0.059059224,-0.059059224,-0.059059224,-0.059059224,-0.059059224,-0.059059224,-0.059059224,-0.059059224,-0.059059224,-0.059059224,-0.059059224,-0.059059224,-0.059059224,-0.059059224
-0.006496484,-0.006496484,-0.006496484,-0.006496484,-0.006496484,-0.006496484,-0.006496484,-0.006496484,-0.006496484,-0.006496484,-0.006496484,-0.006496484,-0.006496484,-0.006496484,-0.006496484,-0.006496484,-0.006496484,-0.006496484,-0.006496484,-0.006496484,-0.006496484,-0.006496484,-0.006496484,-0.006496484,-0.006496484,-0.006496484,-0.006496484,-0.006496484,-0.006496484,-0.006496484,-0.006496484,-0.006496484,-0.006496484,-0.006496484,-0.006496484,-0.006496484,-0.006496484,-0.006496484,-0.006496484,-0.006496484,-0.006496484,-0.006496484,-0.006496484,-0.006496484,-0.006496484,-0.006496484,-0.006496484,-0.006496484,-0.006496484,-0.006496484,-0.006496484,-0.006496484,-0.006496484,-0.006496484,-0.006496484,-0.006496484,-0.006496484,-0.006496484,-0.006496484,-0.006496484,-0.006496484,-0.006496484,-0.006496484,-0.006496484,-0.006496484,-0.006496484,-0.006496484,-0.006496484,-0.006496484,-0.006496484,-0.006496484,-0.006496484,-0.006496484,-0.006496484,-0.006496484,-0.006496484,-0.006496484,-0.006496484,-0.006496484,-0.006496484,-0.006496484,-0.006496484
0.031243337,0.031243337,0.031243337,0.031243337,0.031243337,0.031243337,0.031243337,0.031243337,0.031243337,0.031243337,0.031243337,-0.01,-0.01,-0.01,-0.01,-0.01,-0.01,-0.01,-0.01,-0.01,-0.01,-0.01,-0.01,-0.01,-0.01,-0.01,-0.01,-0.01,-0.01,-0.01,-0.01,-0.01,-0.01,-0.01,-0.01,-0.01,-0.01,-0.01,-0.01,-0.01,-0.01,-0.01,-0.01,-0.01,-0.01,-0.01,-0.01,-0.01,-0.01,-0.01,-0.01,-0.01,-0.01,-0.01,-0.01,-0.01,-0.01,-0.01,-0.01,-0.01,-0.01,-0.01,-0.01,-0.01,-0.01,-0.01,-0.01,-0.01,-0.01,-0.01,-0.01,-0.01,-0.01,-0.01,-0.01,-0.01,-0.01,-0.01,-0.01,-0.01,-0.01,-0.01
-0.014344801,-0.014344801,-0.014344801,-0.014344801,-0.014344801,-0.014344801,-0.014344801,-0.014344801,-0.014344801,-0.014344801,-0.014344801,-0.014344801,-0.014344801,-0.014344801,-0.014344801,-0.014344801,-0.014344801,-0.014344801,-0.014344801,-0.014344801,-0.014344801,-0.014344801,-0.014344801,-0.014344801,-0.014344801,-0.014344801,-0.014344801,-0.014344801,-0.014344801,-0.014344801,-0.014344801,-0.014344801,-0.014344801,-0.014344801,-0.014344801,-0.014344801,-0.014344801,-0.014344801,-0.014344801,-0.014344801,-0.014344801,-0.014344801,-0.014344801,-0.014344801,-0.014344801,-0.014344801,-0.014344801,-0.014344801,-0.014344801,-0.014344801,-0.014344801,-0.014344801,-0.014344801,-0.014344801,-0.014344801,-0.014344801,-0.014344801,-0.014344801,-0.014344801,-0.014344801,-0.014344801,-0.014344801,-0.014344801,-0.014344801,-0.014344801,-0.014344801,-0.014344801,-0.014344801,-0.014344801,-0.014344801,-0.014344801,-0.014344801,-0.014344801,-0.014344801,-0.014344801,-0.014344801,-0.014344801,-0.014344801,-0.014344801,-0.014344801,-0.014344801,-0.014344801
-0.046362457,-0.046362457,-0.046362457,-0.046362457,-0.046362457,-0.046362457,-0.046362457,-0.046362457,-0.046362457,-0.046362457,-0.046362457,-0.046362457,-0.046362457,-0.046362457,-0.046362457,-0.046362457,-0.046362457,-0.046362457,-0.046362457,-0.046362457,-0.046362457,-0.046362457,-0.046362457,-0.046362457,-0.046362457,-0.046362457,-0.046362457,-0.046362457,-0.046362457,-0.046362457,-0.046362457,-0.046362457,-0.046362457,-0.046362457,-0.046362457,-0.046362457,-0.046362457,-0.046362457,-0.046362457,-0.046362457,-0.046362457,-0.046362457,-0.046362457,-0.046362457,-0.046362457,-0.046362457,-0.046362457,-0.046362457,-0.046362457,-0.046362457,-0.046362457,-0.046362457,-0.046362457,-0.046362457,-0.046362457,-0.046362457,-0.046362457,-0.046362457,-0.046362457,-0.046362457,-0.046362457,-0.046362457,-0.046362457,-0.046362457,-0.046362457,-0.046362457,-0.046362457,-0.046362457,-0.046362457,-0.046362457,-0.046362457,-0.046362457,-0.046362457,-0.046362457,-0.046362457,-0.046362457,-0.046362457,-0.046362457,-0.046362457,-0.046362457,-0.046362457,-0.046362457
0.01901344,0.01901344,0.01901344,0.01901344,0.01901344,0.01901344,0.01901344,0.01901344,0.01901344,0.01901344,0.01901344,-0.01,-0.01,-0.01,-0.01,-0.01,-0.01,-0.01,-0.01,-0.01,-0.01,-0.01,-0.01,-0.01,-0.01,-0.01,-0.01,-0.01,-0.01,-0.01,-0.01,-0.01,-0.01,-0.01,-0.01,-0.01,-0.01,-0.01,-0.01,-0.01,-0.01,-0.01,-0.01,-0.01,-0.01,-0.01,-0.01,-0.01,-0.01,-0.01,-0.01,-0.01,-0.01,-0.01,-0.01,-0.01,-0.01,-0.01,-0.01,-0.01,-0.01,-0.01,-0.01,-0.01,-0.01,-0.01,-0.01,-0.01,-0.01,-0.01,-0.01,-0.01,-0.01,-0.01,-0.01,-0.01,-0.01,-0.01,-0.01,-0.01,-0.01,-0.01
-0.055227085,-0.055227085,-0.055227085,-0.055227085,-0.055227085,-0.055227085,-0.055227085,-0.055227085,-0.055227085,-0.055227085,-0.055227085,-0.055227085,-0.055227085,-0.055227085,-0.055227085,-0.055227085,-0.055227085,-0.055227085,-0.055227085,-0.055227085,-0.055227085,-0.055227085,-0.055227085,-0.055227085,-0.055227085,-0.055227085,-0.055227085,-0.055227085,-0.055227085,-0.055227085,-0.055227085,-0.055227085,-0.055227085,-0.055227085,-0.055227085,-0.055227085,-0.055227085,-0.055227085,-0.055227085,-0.055227085,-0.055227085,-0.055227085,-0.055227085,-0.055227085,-0.055227085,-0.055227085,-0.055227085,-0.055227085,-0.055227085,-0.055227085,-0.055227085,-0.055227085,-0.055227085,-0.055227085,-0.055227085,-0.055227085,-0.055227085,-0.055227085,-0.055227085,-0.055227085,-0.055227085,-0.055227085,-0.055227085,-0.055227085,-0.055227085,-0.055227085,-0.055227085,-0.055227085,-0.055227085,-0.055227085,-0.055227085,-0.055227085,-0.055227085,-0.055227085,-0.055227085,-0.055227085,-0.055227085,-0.055227085,-0.055227085,-0.055227085,-0.055227085,-0.055227085
0.016534656,0.016534656,0.016534656,0.016534656,0.016534656,0.016534656,0.016534656,0.016534656,0.016534656,0.016534656,0.016534656,-0.01,-0.01,-0.01,-0.01,-0.01,-0.01,-0.01,-0.01,-0.01,-0.01,-0.01,-0.01,-0.01,-0.01,-0.01,-0.01,-0.01,-0.01,-0.01,-0.01,-0.01,-0.01,-0.01,-0.01,-0.01,-0.01,-0.01,-0.01,-0.01,-0.01,-0.01,-0.01,-0.01,-0.01,-0.01,-0.01,-0.01,-0.01,-0.01,-0.01,-0.01,-0.01,-0.01,-0.01,-0.01,-0.01,-0.01,-0.01,-0.01,-0.01,-0.01,-0.01,-0.01,-0.01,-0.01,-0.01,-0.01,-0.01,-0.01,-0.01,-0.01,-0.01,-0.01,-0.01,-0.01,-0.01,-0.01,-0.01,-0.01,-0.01,-0.01
-0.047650381,-0.047650381,-0.047650381,-0.047650381,-0.047650381,-0.047650381,-0.047650381,-0.047650381,-0.047650381,-0.047650381,-0.047650381,-0.047650381,-0.047650381,-0.047650381,-0.047650381,-0.047650381,-0.047650381,-0.047650381,-0.047650381,-0.047650381,-0.047650381,-0.047650381,-0.047650381,-0.047650381,-0.047650381,-0.047650381,-0.047650381,-0.047650381,-0.047650381,-0.047650381,-0.047650381,-0.047650381,-0.047650381,-0.047650381,-0.047650381,-0.047650381,-0.047650381,-0.047650381,-0.047650381,-0.047650381,-0.047650381,-0.047650381,-0.047650381,-0.047650381,-0.047650381,-0.047650381,-0.047650381,-0.047650381,-0.047650381,-0.047650381,-0.047650381,-0.047650381,-0.047650381,-0.047650381,-0.047650381,-0.047650381,-0.047650381,-0.047650381,-0.047650381,-0.047650381,-0.047650381,-0.047650381,-0.047650381,-0.047650381,-0.047650381,-0.047650381,-0.047650381,-0.047650381,-0.047650381,-0.047650381,-0.047650381,-0.047650381,-0.047650381,-0.047650381,-0.047650381,-0.047650381,-0.047650381,-0.047650381,-0.047650381,-0.047650381,-0.047650381,-0.047650381
-0.007508976,-0.007508976,-0.007508976,-0.007508976,-0.007508976,-0.007508976,-0.007508976,-0.007508976,-0.007508976,-0.007508976,-0.007508976,-0.007508976,-0.007508976,-0.007508976,-0.007508976,-0.007508976,-0.007508976,-0.007508976,-0.007508976,-0.007508976,-0.007508976,-0.007508976,-0.007508976,-0.007508976,-0.007508976,-0.007508976,-0.007508976,-0.007508976,-0.007508976,-0.007508976,-0.007508976,-0.007508976,-0.007508976,-0.007508976,-0.007508976,-0.007508976,-0.007508976,-0.007508976,-0.007508976,-0.007508976,-0.007508976,-0.007508976,-0.007508976,-0.007508976,-0.007508976,-0.007508976,-0.007508976,-0.007508976,-0.007508976,-0.007508976,-0.007508976,-0.007508976,-0.007508976,-0.007508976,-0.007508976,-0.007508976,-0.007508976,-0.007508976,-0.007508976,-0.007508976,-0.007508976,-0.007508976,-0.007508976,-0.007508976,-0.007508976,-0.007508976,-0.007508976,-0.007508976,-0.007508976,-0.007508976,-0.007508976,-0.007508976,-0.007508976,-0.007508976,-0.007508976,-0.007508976,-0.007508976,-0.007508976,-0.007508976,-0.007508976,-0.007508976,-0.007508976
-0.016791174,-0.016791174,-0.016791174,-0.016791174,-0.016791174,-0.016791174,-0.016791174,-0.016791174,-0.016791174,-0.016791174,-0.016791174,-0.016791174,-0.016791174,-0.016791174,-0.016791174,-0.016791174,-0.016791174,-0.016791174,-0.016791174,-0.016791174,-0.016791174,-0.016791174,-0.016791174,-0.016791174,-0.016791174,-0.016791174,-0.016791174,-0.016791174,-0.016791174,-0.016791174,-0.016791174,-0.016791174,-0.016791174,-0.016791174,-0.016791174,-0.016791174,-0.016791174,-0.016791174,-0.016791174,-0.016791174,-0.016791174,-0.016791174,-0.016791174,-0.016791174,-0.016791174,-0.016791174,-0.016791174,-0.016791174,-0.016791174,-0.016791174,-0.016791174,-0.016791174,-0.016791174,-0.016791174,-0.016791174,-0.016791174,-0.016791174,-0.016791174,-0.016791174,-0.016791174,-0.016791174,-0.016791174,-0.016791174,-0.016791174,-0.016791174,-0.016791174,-0.016791174,-0.016791174,-0.016791174,-0.016791174,-0.016791174,-0.016791174,-0.016791174,-0.016791174,-0.016791174,-0.016791174,-0.016791174,-0.016791174,-0.016791174,-0.016791174,-0.016791174,-0.016791174
-0.033476788,-0.033476788,-0.033476788,-0.033476788,-0.033476788,-0.033476788,-0.033476788,-0.033476788,-0.033476788,-0.033476788,-0.033476788,-0.033476788,-0.033476788,-0.033476788,-0.033476788,-0.033476788,-0.033476788,-0.033476788,-0.033476788,-0.033476788,-0.033476788,-0.033476788,-0.033476788,-0.033476788,-0.033476788,-0.033476788,-0.033476788,-0.033476788,-0.033476788,-0.033476788,-0.033476788,-0.033476788,-0.033476788,-0.033476788,-0.033476788,-0.033476788,-0.033476788,-0.033476788,-0.033476788,-0.033476788,-0.033476788,-0.033476788,-0.033476788,-0.033476788,-0.033476788,-0.033476788,-0.033476788,-0.033476788,-0.033476788,-0.033476788,-0.033476788,-0.033476788,-0.033476788,-0.033476788,-0.033476788,-0.033476788,-0.033476788,-0.033476788,-0.033476788,-0.033476788,-0.033476788,-0.033476788,-0.033476788,-0.033476788,-0.033476788,-0.033476788,-0.033476788,-0.033476788,-0.033476788,-0.033476788,-0.033476788,-0.033476788,-0.033476788,-0.033476788,-0.033476788,-0.033476788,-0.033476788,-0.033476788,-0.033476788,-0.033476788,-0.033476788,-0.033476788
-0.04928577,-0.04928577,-0.04928577,-0.04928577,-0.04928577,-0.04928577,-0.04928577,-0.04928577,-0.04928577,-0.04928577,-0.04928577,-0.04928577,-0.04928577,-0.04928577,-0.04928577,-0.04928577,-0.04928577,-0.04928577,-0.04928577,-0.04928577,-0.04928577,-0.04928577,-0.04928577,-0.04928577,-0.04928577,-0.04928577,-0.04928577,-0.04928577,-0.04928577,-0.04928577,-0.04928577,-0.04928577,-0.04928577,-0.04928577,-0.04928577,-0.04928577,-0.04928577,-0.04928577,-0.04928577,-0.04928577,-0.04928577,-0.04928577,-0.04928577,-0.04928577,-0.04928577,-0.04928577,-0.04928577,-0.04928577,-0.04928577,-0.04928577,-0.04928577,-0.04928577,-0.04928577,-0.04928577,-0.04928577,-0.04928577,-0.04928577,-0.04928577,-0.04928577,-0.04928577,-0.04928577,-0.04928577,-0.04928577,-0.04928577,-0.04928577,-0.04928577,-0.04928577,-0.04928577,-0.04928577,-0.04928577,-0.04928577,-0.04928577,-0.04928577,-0.04928577,-0.04928577,-0.04928577,-0.04928577,-0.04928577,-0.04928577,-0.04928577,-0.04928577,-0.04928577
0.005637423,0.005637423,0.005637423,0.005637423,0.005637423,0.005637423,0.005637423,0.005637423,0.005637423,0.005637423,0.005637423,-0.01,-0.01,-0.01,-0.01,-0.01,-0.01,-0.01,-0.01,-0.01,-0.01,-0.01,-0.01,-0.01,-0.01,-0.01,-0.01,-0.01,-0.01,-0.01,-0.01,-0.01,-0.01,-0.01,-0.01,-0.01,-0.01,-0.01,-0.01,-0.01,-0.01,-0.01,-0.01,-0.01,-0.01,-0.01,-0.01,-0.01,-0.01,-0.01,-0.01,-0.01,-0.01,-0.01,-0.01,-0.01,-0.01,-0.01,-0.01,-0.01,-0.01,-0.01,-0.01,-0.01,-0.01,-0.01,-0.01,-0.01,-0.01,-0.01,-0.01,-0.01,-0.01,-0.01,-0.01,-0.01,-0.01,-0.01,-0.01,-0.01,-0.01,-0.01
0.037238531,0.037238531,0.037238531,0.037238531,0.037238531,0.037238531,0.037238531,0.037238531,0.037238531,0.037238531,0.037238531,-0.01,-0.01,-0.01,-0.01,-0.01,-0.01,-0.01,-0.01,-0.01,-0.01,-0.01,-0.01,-0.01,-0.01,-0.01,-0.01,-0.01,-0.01,-0.01,-0.01,-0.01,-0.01,-0.01,-0.01,-0.01,-0.01,-0.01,-0.01,-0.01,-0.01,-0.01,-0.01,-0.01,-0.01,-0.01,-0.01,-0.01,-0.01,-0.01,-0.01,-0.01,-0.01,-0.01,-0.01,-0.01,-0.01,-0.01,-0.01,-0.01,-0.01,-0.01,-0.01,-0.01,-0.01,-0.01,-0.01,-0.01,-0.01,-0.01,-0.01,-0.01,-0.01,-0.01,-0.01,-0.01,-0.01,-0.01,-0.01,-0.01,-0.01,-0.01
-0.006103022,-0.006103022,-0.006103022,-0.006103022,-0.006103022,-0.006103022,-0.006103022,-0.006103022,-0.006103022,-0.006103022,-0.006103022,-0.006103022,-0.006103022,-0.006103022,-0.006103022,-0.006103022,-0.006103022,-0.006103022,-0.006103022,-0.006103022,-0.006103022,-0.006103022,-0.006103022,-0.006103022,-0.006103022,-0.006103022,-0.006103022,-0.006103022,-0.006103022,-0.006103022,-0.006103022,-0.006103022,-0.006103022,-0.006103022,-0.006103022,-0.006103022,-0.006103022,-0.006103022,-0.006103022,-0.006103022,-0.006103022,-0.006103022,-0.006103022,-0.006103022,-0.006103022,-0.006103022,-0.006103022,-0.006103022,-0.006103022,-0.006103022,-0.006103022,-0.006103022,-0.006103022,-0.006103022,-0.006103022,-0.006103022,-0.006103022,-0.006103022,-0.006103022,-0.006103022,-0.006103022,-0.006103022,-0.006103022,-0.006103022,-0.006103022,-0.006103022,-0.006103022,-0.006103022,-0.006103022,-0.006103022,-0.006103022,-0.006103022,-0.006103022,-0.006103022,-0.006103022,-0.006103022,-0.006103022,-0.006103022,-0.006103022,-0.006103022,-0.006103022,-0.006103022
-0.010017105,-0.010017105,-0.010017105,-0.010017105,-0.010017105,-0.010017105,-0.010017105,-0.010017105,-0.010017105,-0.010017105,-0.010017105,-0.010017105,-0.010017105,-0.010017105,-0.010017105,-0.010017105,-0.010017105,-0.010017105,-0.010017105,-0.010017105,-0.010017105,-0.010017105,-0.010017105,-0.010017105,-0.010017105,-0.010017105,-0.010017105,-0.010017105,-0.010017105,-0.010017105,-0.010017105,-0.010017105,-0.010017105,-0.010017105,-0.010017105,-0.010017105,-0.010017105,-0.010017105,-0.010017105,-0.010017105,-0.010017105,-0.010017105,-0.010017105,-0.010017105,-0.010017105,-0.010017105,-0.010017105,-0.010017105,-0.010017105,-0.010017105,-0.010017105,-0.010017105,-0.010017105,-0.010017105,-0.010017105,-0.010017105,-0.010017105,-0.010017105,-0.010017105,-0.010017105,-0.010017105,-0.010017105,-0.010017105,-0.010017105,-0.010017105,-0.010017105,-0.010017105,-0.010017105,-0.010017105,-0.010017105,-0.010017105,-0.010017105,-0.010017105,-0.010017105,-0.010017105,-0.010017105,-0.010017105,-0.010017105,-0.010017105,-0.010017105,-0.010017105,-0.010017105
0.201171066,0.201171066,0.201171066,0.201171066,0.201171066,0.201171066,0.201171066,0.201171066,0.201171066,0.201171066,0.201171066,-0.01,-0.01,-0.01,-0.01,-0.01,-0.01,-0.01,-0.01,-0.01,-0.01,-0.01,-0.01,-0.01,-0.01,-0.01,-0.01,-0.01,-0.01,-0.01,-0.01,-0.01,-0.01,-0.01,-0.01,-0.01,-0.01,-0.01,-0.01,-0.01,-0.01,-0.01,-0.01,-0.01,-0.01,-0.01,-0.01,-0.01,-0.01,-0.01,-0.01,-0.01,-0.01,-0.01,-0.01,-0.01,-0.01,-0.01,-0.01,-0.01,-0.01,-0.01,-0.01,-0.01,-0.01,-0.01,-0.01,-0.01,-0.01,-0.01,-0.01,-0.01,-0.01,-0.01,-0.01,-0.01,-0.01,-0.01,-0.01,-0.01,-0.01,-0.01
0.072222891,0.072222891,0.072222891,0.072222891,0.072222891,0.072222891,0.072222891,0.072222891,0.072222891,0.072222891,0.072222891,-0.01,-0.01,-0.01,-0.01,-0.01,-0.01,-0.01,-0.01,-0.01,-0.01,-0.01,-0.01,-0.01,-0.01,-0.01,-0.01,-0.01,-0.01,-0.01,-0.01,-0.01,-0.01,-0.01,-0.01,-0.01,-0.01,-0.01,-0.01,-0.01,-0.01,-0.01,-0.01,-0.01,-0.01,-0.01,-0.01,-0.01,-0.01,-0.01,-0.01,-0.01,-0.01,-0.01,-0.01,-0.01,-0.01,-0.01,-0.01,-0.01,-0.01,-0.01,-0.01,-0.01,-0.01,-0.01,-0.01,-0.01,-0.01,-0.01,-0.01,-0.01,-0.01,-0.01,-0.01,-0.01,-0.01,-0.01,-0.01,-0.01,-0.01,-0.01
0.000168695,0.000168695,0.000168695,0.000168695,0.000168695,0.000168695,0.000168695,0.000168695,0.000168695,0.000168695,0.000168695,-0.01,-0.01,-0.01,-0.01,-0.01,-0.01,-0.01,-0.01,-0.01,-0.01,-0.01,-0.01,-0.01,-0.01,-0.01,-0.01,-0.01,-0.01,-0.01,-0.01,-0.01,-0.01,-0.01,-0.01,-0.01,-0.01,-0.01,-0.01,-0.01,-0.01,-0.01,-0.01,-0.01,-0.01,-0.01,-0.01,-0.01,-0.01,-0.01,-0.01,-0.01,-0.01,-0.01,-0.01,-0.01,-0.01,-0.01,-0.01,-0.01,-0.01,-0.01,-0.01,-0.01,-0.01,-0.01,-0.01,-0.01,-0.01,-0.01,-0.01,-0.01,-0.01,-0.01,-0.01,-0.01,-0.01,-0.01,-0.01,-0.01,-0.01,-0.01
-0.037003485,-0.037003485,-0.037003485,-0.037003485,-0.037003485,-0.037003485,-0.037003485,-0.037003485,-0.037003485,-0.037003485,-0.037003485,-0.037003485,-0.037003485,-0.037003485,-0.037003485,-0.037003485,-0.037003485,-0.037003485,-0.037003485,-0.037003485,-0.037003485,-0.037003485,-0.037003485,-0.037003485,-0.037003485,-0.037003485,-0.037003485,-0.037003485,-0.037003485,-0.037003485,-0.037003485,-0.037003485,-0.037003485,-0.037003485,-0.037003485,-0.037003485,-0.037003485,-0.037003485,-0.037003485,-0.037003485,-0.037003485,-0.037003485,-0.037003485,-0.037003485,-0.037003485,-0.037003485,-0.037003485,-0.037003485,-0.037003485,-0.037003485,-0.037003485,-0.037003485,-0.037003485,-0.037003485,-0.037003485,-0.037003485,-0.037003485,-0.037003485,-0.037003485,-0.037003485,-0.037003485,-0.037003485,-0.037003485,-0.037003485,-0.037003485,-0.037003485,-0.037003485,-0.037003485,-0.037003485,-0.037003485,-0.037003485,-0.037003485,-0.037003485,-0.037003485,-0.037003485,-0.037003485,-0.037003485,-0.037003485,-0.037003485,-0.037003485,-0.037003485,-0.037003485
-0.042770845,-0.042770845,-0.042770845,-0.042770845,-0.042770845,-0.042770845,-0.042770845,-0.042770845,-0.042770845,-0.042770845,-0.042770845,-0.042770845,-0.042770845,-0.042770845,-0.042770845,-0.042770845,-0.042770845,-0.042770845,-0.042770845,-0.042770845,-0.042770845,-0.042770845,-0.042770845,-0.042770845,-0.042770845,-0.042770845,-0.042770845,-0.042770845,-0.042770845,-0.042770845,-0.042770845,-0.042770845,-0.042770845,-0.042770845,-0.042770845,-0.042770845,-0.042770845,-0.042770845,-0.042770845,-0.042770845,-0.042770845,-0.042770845,-0.042770845,-0.042770845,-0.042770845,-0.042770845,-0.042770845,-0.042770845,-0.042770845,-0.042770845,-0.042770845,-0.042770845,-0.042770845,-0.042770845,-0.042770845,-0.042770845,-0.042770845,-0.042770845,-0.042770845,-0.042770845,-0.042770845,-0.042770845,-0.042770845,-0.042770845,-0.042770845,-0.042770845,-0.042770845,-0.042770845,-0.042770845,-0.042770845,-0.042770845,-0.042770845,-0.042770845,-0.042770845,-0.042770845,-0.042770845,-0.042770845,-0.042770845,-0.042770845,-0.042770845,-0.042770845,-0.042770845
0.069785217,0.069785217,0.069785217,0.069785217,0.069785217,0.069785217,0.069785217,0.069785217,0.069785217,0.069785217,0.069785217,-0.01,-0.01,-0.01,-0.01,-0.01,-0.01,-0.01,-0.01,-0.01,-0.01,-0.01,-0.01,-0.01,-0.01,-0.01,-0.01,-0.01,-0.01,-0.01,-0.01,-0.01,-0.01,-0.01,-0.01,-0.01,-0.01,-0.01,-0.01,-0.01,-0.01,-0.01,-0.01,-0.01,-0.01,-0.01,-0.01,-0.01,-0.01,-0.01,-0.01,-0.01,-0.01,-0.01,-0.01,-0.01,-0.01,-0.01,-0.01,-0.01,-0.01,-0.01,-0.01,-0.01,-0.01,-0.01,-0.01,-0.01,-0.01,-0.01,-0.01,-0.01,-0.01,-0.01,-0.01,-0.01,-0.01,-0.01,-0.01,-0.01,-0.01,-0.01
-0.02745672,-0.02745672,-0.02745672,-0.02745672,-0.02745672,-0.02745672,-0.02745672,-0.02745672,-0.02745672,-0.02745672,-0.02745672,-0.02745672,-0.02745672,-0.02745672,-0.02745672,-0.02745672,-0.02745672,-0.02745672,-0.02745672,-0.02745672,-0.02745672,-0.02745672,-0.02745672,-0.02745672,-0.02745672,-0.02745672,-0.02745672,-0.02745672,-0.02745672,-0.02745672,-0.02745672,-0.02745672,-0.02745672,-0.02745672,-0.02745672,-0.02745672,-0.02745672,-0.02745672,-0.02745672,-0.02745672,-0.02745672,-0.02745672,-0.02745672,-0.02745672,-0.02745672,-0.02745672,-0.02745672,-0.02745672,-0.02745672,-0.02745672,-0.02745672,-0.02745672,-0.02745672,-0.02745672,-0.02745672,-0.02745672,-0.02745672,-0.02745672,-0.02745672,-0.02745672,-0.02745672,-0.02745672,-0.02745672,-0.02745672,-0.02745672,-0.02745672,-0.02745672,-0.02745672,-0.02745672,-0.02745672,-0.02745672,-0.02745672,-0.02745672,-0.02745672,-0.02745672,-0.02745672,-0.02745672,-0.02745672,-0.02745672,-0.02745672,-0.02745672,-0.02745672
0.020670501,0.020670501,0.020670501,0.020670501,0.020670501,0.020670501,0.020670501,0.020670501,0.020670501,0.020670501,0.020670501,-0.01,-0.01,-0.01,-0.01,-0.01,-0.01,-0.01,-0.01,-0.01,-0.01,-0.01,-0.01,-0.01,-0.01,-0.01,-0.01,-0.01,-0.01,-0.01,-0.01,-0.01,-0.01,-0.01,-0.01,-0.01,-0.01,-0.01,-0.01,-0.01,-0.01,-0.01,-0.01,-0.01,-0.01,-0.01,-0.01,-0.01,-0.01,-0.01,-0.01,-0.01,-0.01,-0.01,-0.01,-0.01,-0.01,-0.01,-0.01,-0.01,-0.01,-0.01,-0.01,-0.01,-0.01,-0.01,-0.01,-0.01,-0.01,-0.01,-0.01,-0.01,-0.01,-0.01,-0.01,-0.01,-0.01,-0.01,-0.01,-0.01,-0.01,-0.01
0.113442702,0.113442702,0.113442702,0.113442702,0.113442702,0.113442702,0.113442702,0.113442702,0.113442702,0.113442702,0.113442702,-0.01,-0.01,-0.01,-0.01,-0.01,-0.01,-0.01,-0.01,-0.01,-0.01,-0.01,-0.01,-0.01,-0.01,-0.01,-0.01,-0.01,-0.01,-0.01,-0.01,-0.01,-0.01,-0.01,-0.01,-0.01,-0.01,-0.01,-0.01,-0.01,-0.01,-0.01,-0.01,-0.01,-0.01,-0.01,-0.01,-0.01,-0.01,-0.01,-0.01,-0.01,-0.01,-0.01,-0.01,-0.01,-0.01,-0.01,-0.01,-0.01,-0.01,-0.01,-0.01,-0.01,-0.01,-0.01,-0.01,-0.01,-0.01,-0.01,-0.01,-0.01,-0.01,-0.01,-0.01,-0.01,-0.01,-0.01,-0.01,-0.01,-0.01,-0.01
0.05239345,0.05239345,0.05239345,0.05239345,0.05239345,0.05239345,0.05239345,0.05239345,0.05239345,0.05239345,0.05239345,-0.01,-0.01,-0.01,-0.01,-0.01,-0.01,-0.01,-0.01,-0.01,-0.01,-0.01,-0.01,-0.01,-0.01,-0.01,-0.01,-0.01,-0.01,-0.01,-0.01,-0.01,-0.01,-0.01,-0.01,-0.01,-0.01,-0.01,-0.01,-0.01,-0.01,-0.01,-0.01,-0.01,-0.01,-0.01,-0.01,-0.01,-0.01,-0.01,-0.01,-0.01,-0.01,-0.01,-0.01,-0.01,-0.01,-0.01,-0.01,-0.01,-0.01,-0.01,-0.01,-0.01,-0.01,-0.01,-0.01,-0.01,-0.01,-0.01,-0.01,-0.01,-0.01,-0.01,-0.01,-0.01,-0.01,-0.01,-0.01,-0.01,-0.01,-0.01
-0.037556935,-0.037556935,-0.037556935,-0.037556935,-0.037556935,-0.037556935,-0.037556935,-0.037556935,-0.037556935,-0.037556935,-0.037556935,-0.037556935,-0.037556935,-0.037556935,-0.037556935,-0.037556935,-0.037556935,-0.037556935,-0.037556935,-0.037556935,-0.037556935,-0.037556935,-0.037556935,-0.037556935,-0.037556935,-0.037556935,-0.037556935,-0.037556935,-0.037556935,-0.037556935,-0.037556935,-0.037556935,-0.037556935,-0.037556935,-0.037556935,-0.037556935,-0.037556935,-0.037556935,-0.037556935,-0.037556935,-0.037556935,-0.037556935,-0.037556935,-0.037556935,-0.037556935,-0.037556935,-0.037556935,-0.037556935,-0.037556935,-0.037556935,-0.037556935,-0.037556935,-0.037556935,-0.037556935,-0.037556935,-0.037556935,-0.037556935,-0.037556935,-0.037556935,-0.037556935,-0.037556935,-0.037556935,-0.037556935,-0.037556935,-0.037556935,-0.037556935,-0.037556935,-0.037556935,-0.037556935,-0.037556935,-0.037556935,-0.037556935,-0.037556935,-0.037556935,-0.037556935,-0.037556935,-0.037556935,-0.037556935,-0.037556935,-0.037556935,-0.037556935,-0.037556935
0.010619738,0.010619738,0.010619738,0.010619738,0.010619738,0.010619738,0.010619738,0.010619738,0.010619738,0.010619738,0.010619738,-0.01,-0.01,-0.01,-0.01,-0.01,-0.01,-0.01,-0.01,-0.01,-0.01,-0.01,-0.01,-0.01,-0.01,-0.01,-0.01,-0.01,-0.01,-0.01,-0.01,-0.01,-0.01,-0.01,-0.01,-0.01,-0.01,-0.01,-0.01,-0.01,-0.01,-0.01,-0.01,-0.01,-0.01,-0.01,-0.01,-0.01,-0.01,-0.01,-0.01,-0.01,-0.01,-0.01,-0.01,-0.01,-0.01,-0.01,-0.01,-0.01,-0.01,-0.01,-0.01,-0.01,-0.01,-0.01,-0.01,-0.01,-0.01,-0.01,-0.01,-0.01,-0.01,-0.01,-0.01,-0.01,-0.01,-0.01,-0.01,-0.01,-0.01,-0.01
0.019968148,0.019968148,0.019968148,0.019968148,0.019968148,0.019968148,0.019968148,0.019968148,0.019968148,0.019968148,0.019968148,-0.01,-0.01,-0.01,-0.01,-0.01,-0.01,-0.01,-0.01,-0.01,-0.01,-0.01,-0.01,-0.01,-0.01,-0.01,-0.01,-0.01,-0.01,-0.01,-0.01,-0.01,-0.01,-0.01,-0.01,-0.01,-0.01,-0.01,-0.01,-0.01,-0.01,-0.01,-0.01,-0.01,-0.01,-0.01,-0.01,-0.01,-0.01,-0.01,-0.01,-0.01,-0.01,-0.01,-0.01,-0.01,-0.01,-0.01,-0.01,-0.01,-0.01,-0.01,-0.01,-0.01,-0.01,-0.01,-0.01,-0.01,-0.01,-0.01,-0.01,-0.01,-0.01,-0.01,-0.01,-0.01,-0.01,-0.01,-0.01,-0.01,-0.01,-0.01
-0.000764078,-0.000764078,-0.000764078,-0.000764078,-0.000764078,-0.000764078,-0.000764078,-0.000764078,-0.000764078,-0.000764078,-0.000764078,-0.000764078,-0.000764078,-0.000764078,-0.000764078,-0.000764078,-0.000764078,-0.000764078,-0.000764078,-0.000764078,-0.000764078,-0.000764078,-0.000764078,-0.000764078,-0.000764078,-0.000764078,-0.000764078,-0.000764078,-0.000764078,-0.000764078,-0.000764078,-0.000764078,-0.000764078,-0.000764078,-0.000764078,-0.000764078,-0.000764078,-0.000764078,-0.000764078,-0.000764078,-0.000764078,-0.000764078,-0.000764078,-0.000764078,-0.000764078,-0.000764078,-0.000764078,-0.000764078,-0.000764078,-0.000764078,-0.000764078,-0.000764078,-0.000764078,-0.000764078,-0.000764078,-0.000764078,-0.000764078,-0.000764078,-0.000764078,-0.000764078,-0.000764078,-0.000764078,-0.000764078,-0.000764078,-0.000764078,-0.000764078,-0.000764078,-0.000764078,-0.000764078,-0.000764078,-0.000764078,-0.000764078,-0.000764078,-0.000764078,-0.000764078,-0.000764078,-0.000764078,-0.000764078,-0.000764078,-0.000764078,-0.000764078,-0.000764078
-0.02516915,-0.02516915,-0.02516915,-0.02516915,-0.02516915,-0.02516915,-0.02516915,-0.02516915,-0.02516915,-0.02516915,-0.02516915,-0.02516915,-0.02516915,-0.02516915,-0.02516915,-0.02516915,-0.02516915,-0.02516915,-0.02516915,-0.02516915,-0.02516915,-0.02516915,-0.02516915,-0.02516915,-0.02516915,-0.02516915,-0.02516915,-0.02516915,-0.02516915,-0.02516915,-0.02516915,-0.02516915,-0.02516915,-0.02516915,-0.02516915,-0.02516915,-0.02516915,-0.02516915,-0.02516915,-0.02516915,-0.02516915,-0.02516915,-0.02516915,-0.02516915,-0.02516915,-0.02516915,-0.02516915,-0.02516915,-0.02516915,-0.02516915,-0.02516915,-0.02516915,-0.02516915,-0.02516915,-0.02516915,-0.02516915,-0.02516915,-0.02516915,-0.02516915,-0.02516915,-0.02516915,-0.02516915,-0.02516915,-0.02516915,-0.02516915,-0.02516915,-0.02516915,-0.02516915,-0.02516915,-0.02516915,-0.02516915,-0.02516915,-0.02516915,-0.02516915,-0.02516915,-0.02516915,-0.02516915,-0.02516915,-0.02516915,-0.02516915,-0.02516915,-0.02516915
-0.009809183,-0.009809183,-0.009809183,-0.009809183,-0.009809183,-0.009809183,-0.009809183,-0.009809183,-0.009809183,-0.009809183,-0.009809183,-0.009809183,-0.009809183,-0.009809183,-0.009809183,-0.009809183,-0.009809183,-0.009809183,-0.009809183,-0.009809183,-0.009809183,-0.009809183,-0.009809183,-0.009809183,-0.009809183,-0.009809183,-0.009809183,-0.009809183,-0.009809183,-0.009809183,-0.009809183,-0.009809183,-0.009809183,-0.009809183,-0.009809183,-0.009809183,-0.009809183,-0.009809183,-0.009809183,-0.009809183,-0.009809183,-0.009809183,-0.009809183,-0.009809183,-0.009809183,-0.009809183,-0.009809183,-0.009809183,-0.009809183,-0.009809183,-0.009809183,-0.009809183,-0.009809183,-0.009809183,-0.009809183,-0.009809183,-0.009809183,-0.009809183,-0.009809183,-0.009809183,-0.009809183,-0.009809183,-0.009809183,-0.009809183,-0.009809183,-0.009809183,-0.009809183,-0.009809183,-0.009809183,-0.009809183,-0.009809183,-0.009809183,-0.009809183,-0.009809183,-0.009809183,-0.009809183,-0.009809183,-0.009809183,-0.009809183,-0.009809183,-0.009809183,-0.009809183
-0.012213289,-0.012213289,-0.012213289,-0.012213289,-0.012213289,-0.012213289,-0.012213289,-0.012213289,-0.012213289,-0.012213289,-0.012213289,-0.012213289,-0.012213289,-0.012213289,-0.012213289,-0.012213289,-0.012213289,-0.012213289,-0.012213289,-0.012213289,-0.012213289,-0.012213289,-0.012213289,-0.012213289,-0.012213289,-0.012213289,-0.012213289,-0.012213289,-0.012213289,-0.012213289,-0.012213289,-0.012213289,-0.012213289,-0.012213289,-0.012213289,-0.012213289,-0.012213289,-0.012213289,-0.012213289,-0.012213289,-0.012213289,-0.012213289,-0.012213289,-0.012213289,-0.012213289,-0.012213289,-0.012213289,-0.012213289,-0.012213289,-0.012213289,-0.012213289,-0.012213289,-0.012213289,-0.012213289,-0.012213289,-0.012213289,-0.012213289,-0.012213289,-0.012213289,-0.012213289,-0.012213289,-0.012213289,-0.012213289,-0.012213289,-0.012213289,-0.012213289,-0.012213289,-0.012213289,-0.012213289,-0.012213289,-0.012213289,-0.012213289,-0.012213289,-0.012213289,-0.012213289,-0.012213289,-0.012213289,-0.012213289,-0.012213289,-0.012213289,-0.012213289,-0.012213289
0.029840004,0.029840004,0.029840004,0.029840004,0.029840004,0.029840004,0.029840004,0.029840004,0.029840004,0.029840004,0.029840004,-0.01,-0.01,-0.01,-0.01,-0.01,-0.01,-0.01,-0.01,-0.01,-0.01,-0.01,-0.01,-0.01,-0.01,-0.01,-0.01,-0.01,-0.01,-0.01,-0.01,-0.01,-0.01,-0.01,-0.01,-0.01,-0.01,-0.01,-0.01,-0.01,-0.01,-0.01,-0.01,-0.01,-0.01,-0.01,-0.01,-0.01,-0.01,-0.01,-0.01,-0.01,-0.01,-0.01,-0.01,-0.01,-0.01,-0.01,-0.01,-0.01,-0.01,-0.01,-0.01,-0.01,-0.01,-0.01,-0.01,-0.01,-0.01,-0.01,-0.01,-0.01,-0.01,-0.01,-0.01,-0.01,-0.01,-0.01,-0.01,-0.01,-0.01,-0.01
-0.03937324,-0.03937324,-0.03937324,-0.03937324,-0.03937324,-0.03937324,-0.03937324,-0.03937324,-0.03937324,-0.03937324,-0.03937324,-0.03937324,-0.03937324,-0.03937324,-0.03937324,-0.03937324,-0.03937324,-0.03937324,-0.03937324,-0.03937324,-0.03937324,-0.03937324,-0.03937324,-0.03937324,-0.03937324,-0.03937324,-0.03937324,-0.03937324,-0.03937324,-0.03937324,-0.03937324,-0.03937324,-0.03937324,-0.03937324,-0.03937324,-0.03937324,-0.03937324,-0.03937324,-0.03937324,-0.03937324,-0.03937324,-0.03937324,-0.03937324,-0.03937324,-0.03937324,-0.03937324,-0.03937324,-0.03937324,-0.03937324,-0.03937324,-0.03937324,-0.03937324,-0.03937324,-0.03937324,-0.03937324,-0.03937324,-0.03937324,-0.03937324,-0.03937324,-0.03937324,-0.03937324,-0.03937324,-0.03937324,-0.03937324,-0.03937324,-0.03937324,-0.03937324,-0.03937324,-0.03937324,-0.03937324,-0.03937324,-0.03937324,-0.03937324,-0.03937324,-0.03937324,-0.03937324,-0.03937324,-0.03937324,-0.03937324,-0.03937324,-0.03937324,-0.03937324
-0.015086863,-0.015086863,-0.015086863,-0.015086863,-0.015086863,-0.015086863,-0.015086863,-0.015086863,-0.015086863,-0.015086863,-0.015086863,-0.015086863,-0.015086863,-0.015086863,-0.015086863,-0.015086863,-0.015086863,-0.015086863,-0.015086863,-0.015086863,-0.015086863,-0.015086863,-0.015086863,-0.015086863,-0.015086863,-0.015086863,-0.015086863,-0.015086863,-0.015086863,-0.015086863,-0.015086863,-0.015086863,-0.015086863,-0.015086863,-0.015086863,-0.015086863,-0.015086863,-0.015086863,-0.015086863,-0.015086863,-0.015086863,-0.015086863,-0.015086863,-0.015086863,-0.015086863,-0.015086863,-0.015086863,-0.015086863,-0.015086863,-0.015086863,-0.015086863,-0.015086863,-0.015086863,-0.015086863,-0.015086863,-0.015086863,-0.015086863,-0.015086863,-0.015086863,-0.015086863,-0.015086863,-0.015086863,-0.015086863,-0.015086863,-0.015086863,-0.015086863,-0.015086863,-0.015086863,-0.015086863,-0.015086863,-0.015086863,-0.015086863,-0.015086863,-0.015086863,-0.015086863,-0.015086863,-0.015086863,-0.015086863,-0.015086863,-0.015086863,-0.015086863,-0.015086863
-0.014246331,-0.014246331,-0.014246331,-0.014246331,-0.014246331,-0.014246331,-0.014246331,-0.014246331,-0.014246331,-0.014246331,-0.014246331,-0.014246331,-0.014246331,-0.014246331,-0.014246331,-0.014246331,-0.014246331,-0.014246331,-0.014246331,-0.014246331,-0.014246331,-0.014246331,-0.014246331,-0.014246331,-0.014246331,-0.014246331,-0.014246331,-0.014246331,-0.014246331,-0.014246331,-0.014246331,-0.014246331,-0.014246331,-0.014246331,-0.014246331,-0.014246331,-0.014246331,-0.014246331,-0.014246331,-0.014246331,-0.014246331,-0.014246331,-0.014246331,-0.014246331,-0.014246331,-0.014246331,-0.014246331,-0.014246331,-0.014246331,-0.014246331,-0.014246331,-0.014246331,-0.014246331,-0.014246331,-0.014246331,-0.014246331,-0.014246331,-0.014246331,-0.014246331,-0.014246331,-0.014246331,-0.014246331,-0.014246331,-0.014246331,-0.014246331,-0.014246331,-0.014246331,-0.014246331,-0.014246331,-0.014246331,-0.014246331,-0.014246331,-0.014246331,-0.014246331,-0.014246331,-0.014246331,-0.014246331,-0.014246331,-0.014246331,-0.014246331,-0.014246331,-0.014246331
-0.013585035,-0.013585035,-0.013585035,-0.013585035,-0.013585035,-0.013585035,-0.013585035,-0.013585035,-0.013585035,-0.013585035,-0.013585035,-0.013585035,-0.013585035,-0.013585035,-0.013585035,-0.013585035,-0.013585035,-0.013585035,-0.013585035,-0.013585035,-0.013585035,-0.013585035,-0.013585035,-0.013585035,-0.013585035,-0.013585035,-0.013585035,-0.013585035,-0.013585035,-0.013585035,-0.013585035,-0.013585035,-0.013585035,-0.013585035,-0.013585035,-0.013585035,-0.013585035,-0.013585035,-0.013585035,-0.013585035,-0.013585035,-0.013585035,-0.013585035,-0.013585035,-0.013585035,-0.013585035,-0.013585035,-0.013585035,-0.013585035,-0.013585035,-0.013585035,-0.013585035,-0.013585035,-0.013585035,-0.013585035,-0.013585035,-0.013585035,-0.013585035,-0.013585035,-0.013585035,-0.013585035,-0.013585035,-0.013585035,-0.013585035,-0.013585035,-0.013585035,-0.013585035,-0.013585035,-0.013585035,-0.013585035,-0.013585035,-0.013585035,-0.013585035,-0.013585035,-0.013585035,-0.013585035,-0.013585035,-0.013585035,-0.013585035,-0.013585035,-0.013585035,-0.013585035
-0.022598618,-0.022598618,-0.022598618,-0.022598618,-0.022598618,-0.022598618,-0.022598618,-0.022598618,-0.022598618,-0.022598618,-0.022598618,-0.022598618,-0.022598618,-0.022598618,-0.022598618,-0.022598618,-0.022598618,-0.022598618,-0.022598618,-0.022598618,-0.022598618,-0.022598618,-0.022598618,-0.022598618,-0.022598618,-0.022598618,-0.022598618,-0.022598618,-0.022598618,-0.022598618,-0.022598618,-0.022598618,-0.022598618,-0.022598618,-0.022598618,-0.022598618,-0.022598618,-0.022598618,-0.022598618,-0.022598618,-0.022598618,-0.022598618,-0.022598618,-0.022598618,-0.022598618,-0.022598618,-0.022598618,-0.022598618,-0.022598618,-0.022598618,-0.022598618,-0.022598618,-0.022598618,-0.022598618,-0.022598618,-0.022598618,-0.022598618,-0.022598618,-0.022598618,-0.022598618,-0.022598618,-0.022598618,-0.022598618,-0.022598618,-0.022598618,-0.022598618,-0.022598618,-0.022598618,-0.022598618,-0.022598618,-0.022598618,-0.022598618,-0.022598618,-0.022598618,-0.022598618,-0.022598618,-0.022598618,-0.022598618,-0.022598618,-0.022598618,-0.022598618,-0.022598618
0.027756111,0.027756111,0.027756111,0.027756111,0.027756111,0.027756111,0.027756111,0.027756111,0.027756111,0.027756111,0.027756111,-0.01,-0.01,-0.01,-0.01,-0.01,-0.01,-0.01,-0.01,-0.01,-0.01,-0.01,-0.01,-0.01,-0.01,-0.01,-0.01,-0.01,-0.01,-0.01,-0.01,-0.01,-0.01,-0.01,-0.01,-0.01,-0.01,-0.01,-0.01,-0.01,-0.01,-0.01,-0.01,-0.01,-0.01,-0.01,-0.01,-0.01,-0.01,-0.01,-0.01,-0.01,-0.01,-0.01,-0.01,-0.01,-0.01,-0.01,-0.01,-0.01,-0.01,-0.01,-0.01,-0.01,-0.01,-0.01,-0.01,-0.01,-0.01,-0.01,-0.01,-0.01,-0.01,-0.01,-0.01,-0.01,-0.01,-0.01,-0.01,-0.01,-0.01,-0.01
0.04409075,0.04409075,0.04409075,0.04409075,0.04409075,0.04409075,0.04409075,0.04409075,0.04409075,0.04409075,0.04409075,-0.01,-0.01,-0.01,-0.01,-0.01,-0.01,-0.01,-0.01,-0.01,-0.01,-0.01,-0.01,-0.01,-0.01,-0.01,-0.01,-0.01,-0.01,-0.01,-0.01,-0.01,-0.01,-0.01,-0.01,-0.01,-0.01,-0.01,-0.01,-0.01,-0.01,-0.01,-0.01,-0.01,-0.01,-0.01,-0.01,-0.01,-0.01,-0.01,-0.01,-0.01,-0.01,-0.01,-0.01,-0.01,-0.01,-0.01,-0.01,-0.01,-0.01,-0.01,-0.01,-0.01,-0.01,-0.01,-0.01,-0.01,-0.01,-0.01,-0.01,-0.01,-0.01,-0.01,-0.01,-0.01,-0.01,-0.01,-0.01,-0.01,-0.01,-0.01
-0.014290359,-0.014290359,-0.014290359,-0.014290359,-0.014290359,-0.014290359,-0.014290359,-0.014290359,-0.014290359,-0.014290359,-0.014290359,-0.014290359,-0.014290359,-0.014290359,-0.014290359,-0.014290359,-0.014290359,-0.014290359,-0.014290359,-0.014290359,-0.014290359,-0.014290359,-0.014290359,-0.014290359,-0.014290359,-0.014290359,-0.014290359,-0.014290359,-0.014290359,-0.014290359,-0.014290359,-0.014290359,-0.014290359,-0.014290359,-0.014290359,-0.014290359,-0.014290359,-0.014290359,-0.014290359,-0.014290359,-0.014290359,-0.014290359,-0.014290359,-0.014290359,-0.014290359,-0.014290359,-0.014290359,-0.014290359,-0.014290359,-0.014290359,-0.014290359,-0.014290359,-0.014290359,-0.014290359,-0.014290359,-0.014290359,-0.014290359,-0.014290359,-0.014290359,-0.014290359,-0.014290359,-0.014290359,-0.014290359,-0.014290359,-0.014290359,-0.014290359,-0.014290359,-0.014290359,-0.014290359,-0.014290359,-0.014290359,-0.014290359,-0.014290359,-0.014290359,-0.014290359,-0.014290359,-0.014290359,-0.014290359,-0.014290359,-0.014290359,-0.014290359,-0.014290359
-0.028614365,-0.028614365,-0.028614365,-0.028614365,-0.028614365,-0.028614365,-0.028614365,-0.028614365,-0.028614365,-0.028614365,-0.028614365,-0.028614365,-0.028614365,-0.028614365,-0.028614365,-0.028614365,-0.028614365,-0.028614365,-0.028614365,-0.028614365,-0.028614365,-0.028614365,-0.028614365,-0.028614365,-0.028614365,-0.028614365,-0.028614365,-0.028614365,-0.028614365,-0.028614365,-0.028614365,-0.028614365,-0.028614365,-0.028614365,-0.028614365,-0.028614365,-0.028614365,-0.028614365,-0.028614365,-0.028614365,-0.028614365,-0.028614365,-0.028614365,-0.028614365,-0.028614365,-0.028614365,-0.028614365,-0.028614365,-0.028614365,-0.028614365,-0.028614365,-0.028614365,-0.028614365,-0.028614365,-0.028614365,-0.028614365,-0.028614365,-0.028614365,-0.028614365,-0.028614365,-0.028614365,-0.028614365,-0.028614365,-0.028614365,-0.028614365,-0.028614365,-0.028614365,-0.028614365,-0.028614365,-0.028614365,-0.028614365,-0.028614365,-0.028614365,-0.028614365,-0.028614365,-0.028614365,-0.028614365,-0.028614365,-0.028614365,-0.028614365,-0.028614365,-0.028614365
0.007991564,0.007991564,0.007991564,0.007991564,0.007991564,0.007991564,0.007991564,0.007991564,0.007991564,0.007991564,0.007991564,-0.01,-0.01,-0.01,-0.01,-0.01,-0.01,-0.01,-0.01,-0.01,-0.01,-0.01,-0.01,-0.01,-0.01,-0.01,-0.01,-0.01,-0.01,-0.01,-0.01,-0.01,-0.01,-0.01,-0.01,-0.01,-0.01,-0.01,-0.01,-0.01,-0.01,-0.01,-0.01,-0.01,-0.01,-0.01,-0.01,-0.01,-0.01,-0.01,-0.01,-0.01,-0.01,-0.01,-0.01,-0.01,-0.01,-0.01,-0.01,-0.01,-0.01,-0.01,-0.01,-0.01,-0.01,-0.01,-0.01,-0.01,-0.01,-0.01,-0.01,-0.01,-0.01,-0.01,-0.01,-0.01,-0.01,-0.01,-0.01,-0.01,-0.01,-0.01
-0.029310113,-0.029310113,-0.029310113,-0.029310113,-0.029310113,-0.029310113,-0.029310113,-0.029310113,-0.029310113,-0.029310113,-0.029310113,-0.029310113,-0.029310113,-0.029310113,-0.029310113,-0.029310113,-0.029310113,-0.029310113,-0.029310113,-0.029310113,-0.029310113,-0.029310113,-0.029310113,-0.029310113,-0.029310113,-0.029310113,-0.029310113,-0.029310113,-0.029310113,-0.029310113,-0.029310113,-0.029310113,-0.029310113,-0.029310113,-0.029310113,-0.029310113,-0.029310113,-0.029310113,-0.029310113,-0.029310113,-0.029310113,-0.029310113,-0.029310113,-0.029310113,-0.029310113,-0.029310113,-0.029310113,-0.029310113,-0.029310113,-0.029310113,-0.029310113,-0.029310113,-0.029310113,-0.029310113,-0.029310113,-0.029310113,-0.029310113,-0.029310113,-0.029310113,-0.029310113,-0.029310113,-0.029310113,-0.029310113,-0.029310113,-0.029310113,-0.029310113,-0.029310113,-0.029310113,-0.029310113,-0.029310113,-0.029310113,-0.029310113,-0.029310113,-0.029310113,-0.029310113,-0.029310113,-0.029310113,-0.029310113,-0.029310113,-0.029310113,-0.029310113,-0.029310113
-0.036553909,-0.036553909,-0.036553909,-0.036553909,-0.036553909,-0.036553909,-0.036553909,-0.036553909,-0.036553909,-0.036553909,-0.036553909,-0.036553909,-0.036553909,-0.036553909,-0.036553909,-0.036553909,-0.036553909,-0.036553909,-0.036553909,-0.036553909,-0.036553909,-0.036553909,-0.036553909,-0.036553909,-0.036553909,-0.036553909,-0.036553909,-0.036553909,-0.036553909,-0.036553909,-0.036553909,-0.036553909,-0.036553909,-0.036553909,-0.036553909,-0.036553909,-0.036553909,-0.036553909,-0.036553909,-0.036553909,-0.036553909,-0.036553909,-0.036553909,-0.036553909,-0.036553909,-0.036553909,-0.036553909,-0.036553909,-0.036553909,-0.036553909,-0.036553909,-0.036553909,-0.036553909,-0.036553909,-0.036553909,-0.036553909,-0.036553909,-0.036553909,-0.036553909,-0.036553909,-0.036553909,-0.036553909,-0.036553909,-0.036553909,-0.036553909,-0.036553909,-0.036553909,-0.036553909,-0.036553909,-0.036553909,-0.036553909,-0.036553909,-0.036553909,-0.036553909,-0.036553909,-0.036553909,-0.036553909,-0.036553909,-0.036553909,-0.036553909,-0.036553909,-0.036553909
-0.051302135,-0.051302135,-0.051302135,-0.051302135,-0.051302135,-0.051302135,-0.051302135,-0.051302135,-0.051302135,-0.051302135,-0.051302135,-0.051302135,-0.051302135,-0.051302135,-0.051302135,-0.051302135,-0.051302135,-0.051302135,-0.051302135,-0.051302135,-0.051302135,-0.051302135,-0.051302135,-0.051302135,-0.051302135,-0.051302135,-0.051302135,-0.051302135,-0.051302135,-0.051302135,-0.051302135,-0.051302135,-0.051302135,-0.051302135,-0.051302135,-0.051302135,-0.051302135,-0.051302135,-0.051302135,-0.051302135,-0.051302135,-0.051302135,-0.051302135,-0.051302135,-0.051302135,-0.051302135,-0.051302135,-0.051302135,-0.051302135,-0.051302135,-0.051302135,-0.051302135,-0.051302135,-0.051302135,-0.051302135,-0.051302135,-0.051302135,-0.051302135,-0.051302135,-0.051302135,-0.051302135,-0.051302135,-0.051302135,-0.051302135,-0.051302135,-0.051302135,-0.051302135,-0.051302135,-0.051302135,-0.051302135,-0.051302135,-0.051302135,-0.051302135,-0.051302135,-0.051302135,-0.051302135,-0.051302135,-0.051302135,-0.051302135,-0.051302135,-0.051302135,-0.051302135
-0.073253553,-0.073253553,-0.073253553,-0.073253553,-0.073253553,-0.073253553,-0.073253553,-0.073253553,-0.073253553,-0.073253553,-0.073253553,-0.073253553,-0.073253553,-0.073253553,-0.073253553,-0.073253553,-0.073253553,-0.073253553,-0.073253553,-0.073253553,-0.073253553,-0.073253553,-0.073253553,-0.073253553,-0.073253553,-0.073253553,-0.073253553,-0.073253553,-0.073253553,-0.073253553,-0.073253553,-0.073253553,-0.073253553,-0.073253553,-0.073253553,-0.073253553,-0.073253553,-0.073253553,-0.073253553,-0.073253553,-0.073253553,-0.073253553,-0.073253553,-0.073253553,-0.073253553,-0.073253553,-0.073253553,-0.073253553,-0.073253553,-0.073253553,-0.073253553,-0.073253553,-0.073253553,-0.073253553,-0.073253553,-0.073253553,-0.073253553,-0.073253553,-0.073253553,-0.073253553,-0.073253553,-0.073253553,-0.073253553,-0.073253553,-0.073253553,-0.073253553,-0.073253553,-0.073253553,-0.073253553,-0.073253553,-0.073253553,-0.073253553,-0.073253553,-0.073253553,-0.073253553,-0.073253553,-0.073253553,-0.073253553,-0.073253553,-0.073253553,-0.073253553,-0.073253553
-0.043511305,-0.043511305,-0.043511305,-0.043511305,-0.043511305,-0.043511305,-0.043511305,-0.043511305,-0.043511305,-0.043511305,-0.043511305,-0.043511305,-0.043511305,-0.043511305,-0.043511305,-0.043511305,-0.043511305,-0.043511305,-0.043511305,-0.043511305,-0.043511305,-0.043511305,-0.043511305,-0.043511305,-0.043511305,-0.043511305,-0.043511305,-0.043511305,-0.043511305,-0.043511305,-0.043511305,-0.043511305,-0.043511305,-0.043511305,-0.043511305,-0.043511305,-0.043511305,-0.043511305,-0.043511305,-0.043511305,-0.043511305,-0.043511305,-0.043511305,-0.043511305,-0.043511305,-0.043511305,-0.043511305,-0.043511305,-0.043511305,-0.043511305,-0.043511305,-0.043511305,-0.043511305,-0.043511305,-0.043511305,-0.043511305,-0.043511305,-0.043511305,-0.043511305,-0.043511305,-0.043511305,-0.043511305,-0.043511305,-0.043511305,-0.043511305,-0.043511305,-0.043511305,-0.043511305,-0.043511305,-0.043511305,-0.043511305,-0.043511305,-0.043511305,-0.043511305,-0.043511305,-0.043511305,-0.043511305,-0.043511305,-0.043511305,-0.043511305,-0.043511305,-0.043511305
-0.037524241,-0.037524241,-0.037524241,-0.037524241,-0.037524241,-0.037524241,-0.037524241,-0.037524241,-0.037524241,-0.037524241,-0.037524241,-0.037524241,-0.037524241,-0.037524241,-0.037524241,-0.037524241,-0.037524241,-0.037524241,-0.037524241,-0.037524241,-0.037524241,-0.037524241,-0.037524241,-0.037524241,-0.037524241,-0.037524241,-0.037524241,-0.037524241,-0.037524241,-0.037524241,-0.037524241,-0.037524241,-0.037524241,-0.037524241,-0.037524241,-0.037524241,-0.037524241,-0.037524241,-0.037524241,-0.037524241,-0.037524241,-0.037524241,-0.037524241,-0.037524241,-0.037524241,-0.037524241,-0.037524241,-0.037524241,-0.037524241,-0.037524241,-0.037524241,-0.037524241,-0.037524241,-0.037524241,-0.037524241,-0.037524241,-0.037524241,-0.037524241,-0.037524241,-0.037524241,-0.037524241,-0.037524241,-0.037524241,-0.037524241,-0.037524241,-0.037524241,-0.037524241,-0.037524241,-0.037524241,-0.037524241,-0.037524241,-0.037524241,-0.037524241,-0.037524241,-0.037524241,-0.037524241,-0.037524241,-0.037524241,-0.037524241,-0.037524241,-0.037524241,-0.037524241
-0.047073474,-0.047073474,-0.047073474,-0.047073474,-0.047073474,-0.047073474,-0.047073474,-0.047073474,-0.047073474,-0.047073474,-0.047073474,-0.047073474,-0.047073474,-0.047073474,-0.047073474,-0.047073474,-0.047073474,-0.047073474,-0.047073474,-0.047073474,-0.047073474,-0.047073474,-0.047073474,-0.047073474,-0.047073474,-0.047073474,-0.047073474,-0.047073474,-0.047073474,-0.047073474,-0.047073474,-0.047073474,-0.047073474,-0.047073474,-0.047073474,-0.047073474,-0.047073474,-0.047073474,-0.047073474,-0.047073474,-0.047073474,-0.047073474,-0.047073474,-0.047073474,-0.047073474,-0.047073474,-0.047073474,-0.047073474,-0.047073474,-0.047073474,-0.047073474,-0.047073474,-0.047073474,-0.047073474,-0.047073474,-0.047073474,-0.047073474,-0.047073474,-0.047073474,-0.047073474,-0.047073474,-0.047073474,-0.047073474,-0.047073474,-0.047073474,-0.047073474,-0.047073474,-0.047073474,-0.047073474,-0.047073474,-0.047073474,-0.047073474,-0.047073474,-0.047073474,-0.047073474,-0.047073474,-0.047073474,-0.047073474,-0.047073474,-0.047073474,-0.047073474,-0.047073474
-0.047385969,-0.047385969,-0.047385969,-0.047385969,-0.047385969,-0.047385969,-0.047385969,-0.047385969,-0.047385969,-0.047385969,-0.047385969,-0.047385969,-0.047385969,-0.047385969,-0.047385969,-0.047385969,-0.047385969,-0.047385969,-0.047385969,-0.047385969,-0.047385969,-0.047385969,-0.047385969,-0.047385969,-0.047385969,-0.047385969,-0.047385969,-0.047385969,-0.047385969,-0.047385969,-0.047385969,-0.047385969,-0.047385969,-0.047385969,-0.047385969,-0.047385969,-0.047385969,-0.047385969,-0.047385969,-0.047385969,-0.047385969,-0.047385969,-0.047385969,-0.047385969,-0.047385969,-0.047385969,-0.047385969,-0.047385969,-0.047385969,-0.047385969,-0.047385969,-0.047385969,-0.047385969,-0.047385969,-0.047385969,-0.047385969,-0.047385969,-0.047385969,-0.047385969,-0.047385969,-0.047385969,-0.047385969,-0.047385969,-0.047385969,-0.047385969,-0.047385969,-0.047385969,-0.047385969,-0.047385969,-0.047385969,-0.047385969,-0.047385969,-0.047385969,-0.047385969,-0.047385969,-0.047385969,-0.047385969,-0.047385969,-0.047385969,-0.047385969,-0.047385969,-0.047385969
-0.039395032,-0.039395032,-0.039395032,-0.039395032,-0.039395032,-0.039395032,-0.039395032,-0.039395032,-0.039395032,-0.039395032,-0.039395032,-0.039395032,-0.039395032,-0.039395032,-0.039395032,-0.039395032,-0.039395032,-0.039395032,-0.039395032,-0.039395032,-0.039395032,-0.039395032,-0.039395032,-0.039395032,-0.039395032,-0.039395032,-0.039395032,-0.039395032,-0.039395032,-0.039395032,-0.039395032,-0.039395032,-0.039395032,-0.039395032,-0.039395032,-0.039395032,-0.039395032,-0.039395032,-0.039395032,-0.039395032,-0.039395032,-0.039395032,-0.039395032,-0.039395032,-0.039395032,-0.039395032,-0.039395032,-0.039395032,-0.039395032,-0.039395032,-0.039395032,-0.039395032,-0.039395032,-0.039395032,-0.039395032,-0.039395032,-0.039395032,-0.039395032,-0.039395032,-0.039395032,-0.039395032,-0.039395032,-0.039395032,-0.039395032,-0.039395032,-0.039395032,-0.039395032,-0.039395032,-0.039395032,-0.039395032,-0.039395032,-0.039395032,-0.039395032,-0.039395032,-0.039395032,-0.039395032,-0.039395032,-0.039395032,-0.039395032,-0.039395032,-0.039395032,-0.039395032
-0.026375286,-0.026375286,-0.026375286,-0.026375286,-0.026375286,-0.026375286,-0.026375286,-0.026375286,-0.026375286,-0.026375286,-0.026375286,-0.026375286,-0.026375286,-0.026375286,-0.026375286,-0.026375286,-0.026375286,-0.026375286,-0.026375286,-0.026375286,-0.026375286,-0.026375286,-0.026375286,-0.026375286,-0.026375286,-0.026375286,-0.026375286,-0.026375286,-0.026375286,-0.026375286,-0.026375286,-0.026375286,-0.026375286,-0.026375286,-0.026375286,-0.026375286,-0.026375286,-0.026375286,-0.026375286,-0.026375286,-0.026375286,-0.026375286,-0.026375286,-0.026375286,-0.026375286,-0.026375286,-0.026375286,-0.026375286,-0.026375286,-0.026375286,-0.026375286,-0.026375286,-0.026375286,-0.026375286,-0.026375286,-0.026375286,-0.026375286,-0.026375286,-0.026375286,-0.026375286,-0.026375286,-0.026375286,-0.026375286,-0.026375286,-0.026375286,-0.026375286,-0.026375286,-0.026375286,-0.026375286,-0.026375286,-0.026375286,-0.026375286,-0.026375286,-0.026375286,-0.026375286,-0.026375286,-0.026375286,-0.026375286,-0.026375286,-0.026375286,-0.026375286,-0.026375286
-0.04428615,-0.04428615,-0.04428615,-0.04428615,-0.04428615,-0.04428615,-0.04428615,-0.04428615,-0.04428615,-0.04428615,-0.04428615,-0.04428615,-0.04428615,-0.04428615,-0.04428615,-0.04428615,-0.04428615,-0.04428615,-0.04428615,-0.04428615,-0.04428615,-0.04428615,-0.04428615,-0.04428615,-0.04428615,-0.04428615,-0.04428615,-0.04428615,-0.04428615,-0.04428615,-0.04428615,-0.04428615,-0.04428615,-0.04428615,-0.04428615,-0.04428615,-0.04428615,-0.04428615,-0.04428615,-0.04428615,-0.04428615,-0.04428615,-0.04428615,-0.04428615,-0.04428615,-0.04428615,-0.04428615,-0.04428615,-0.04428615,-0.04428615,-0.04428615,-0.04428615,-0.04428615,-0.04428615,-0.04428615,-0.04428615,-0.04428615,-0.04428615,-0.04428615,-0.04428615,-0.04428615,-0.04428615,-0.04428615,-0.04428615,-0.04428615,-0.04428615,-0.04428615,-0.04428615,-0.04428615,-0.04428615,-0.04428615,-0.04428615,-0.04428615,-0.04428615,-0.04428615,-0.04428615,-0.04428615,-0.04428615,-0.04428615,-0.04428615,-0.04428615,-0.04428615
-0.04750998,-0.04750998,-0.04750998,-0.04750998,-0.04750998,-0.04750998,-0.04750998,-0.04750998,-0.04750998,-0.04750998,-0.04750998,-0.04750998,-0.04750998,-0.04750998,-0.04750998,-0.04750998,-0.04750998,-0.04750998,-0.04750998,-0.04750998,-0.04750998,-0.04750998,-0.04750998,-0.04750998,-0.04750998,-0.04750998,-0.04750998,-0.04750998,-0.04750998,-0.04750998,-0.04750998,-0.04750998,-0.04750998,-0.04750998,-0.04750998,-0.04750998,-0.04750998,-0.04750998,-0.04750998,-0.04750998,-0.04750998,-0.04750998,-0.04750998,-0.04750998,-0.04750998,-0.04750998,-0.04750998,-0.04750998,-0.04750998,-0.04750998,-0.04750998,-0.04750998,-0.04750998,-0.04750998,-0.04750998,-0.04750998,-0.04750998,-0.04750998,-0.04750998,-0.04750998,-0.04750998,-0.04750998,-0.04750998,-0.04750998,-0.04750998,-0.04750998,-0.04750998,-0.04750998,-0.04750998,-0.04750998,-0.04750998,-0.04750998,-0.04750998,-0.04750998,-0.04750998,-0.04750998,-0.04750998,-0.04750998,-0.04750998,-0.04750998,-0.04750998,-0.04750998
-0.055070484,-0.055070484,-0.055070484,-0.055070484,-0.055070484,-0.055070484,-0.055070484,-0.055070484,-0.055070484,-0.055070484,-0.055070484,-0.055070484,-0.055070484,-0.055070484,-0.055070484,-0.055070484,-0.055070484,-0.055070484,-0.055070484,-0.055070484,-0.055070484,-0.055070484,-0.055070484,-0.055070484,-0.055070484,-0.055070484,-0.055070484,-0.055070484,-0.055070484,-0.055070484,-0.055070484,-0.055070484,-0.055070484,-0.055070484,-0.055070484,-0.055070484,-0.055070484,-0.055070484,-0.055070484,-0.055070484,-0.055070484,-0.055070484,-0.055070484,-0.055070484,-0.055070484,-0.055070484,-0.055070484,-0.055070484,-0.055070484,-0.055070484,-0.055070484,-0.055070484,-0.055070484,-0.055070484,-0.055070484,-0.055070484,-0.055070484,-0.055070484,-0.055070484,-0.055070484,-0.055070484,-0.055070484,-0.055070484,-0.055070484,-0.055070484,-0.055070484,-0.055070484,-0.055070484,-0.055070484,-0.055070484,-0.055070484,-0.055070484,-0.055070484,-0.055070484,-0.055070484,-0.055070484,-0.055070484,-0.055070484,-0.055070484,-0.055070484,-0.055070484,-0.055070484
-0.036101458,-0.036101458,-0.036101458,-0.036101458,-0.036101458,-0.036101458,-0.036101458,-0.036101458,-0.036101458,-0.036101458,-0.036101458,-0.036101458,-0.036101458,-0.036101458,-0.036101458,-0.036101458,-0.036101458,-0.036101458,-0.036101458,-0.036101458,-0.036101458,-0.036101458,-0.036101458,-0.036101458,-0.036101458,-0.036101458,-0.036101458,-0.036101458,-0.036101458,-0.036101458,-0.036101458,-0.036101458,-0.036101458,-0.036101458,-0.036101458,-0.036101458,-0.036101458,-0.036101458,-0.036101458,-0.036101458,-0.036101458,-0.036101458,-0.036101458,-0.036101458,-0.036101458,-0.036101458,-0.036101458,-0.036101458,-0.036101458,-0.036101458,-0.036101458,-0.036101458,-0.036101458,-0.036101458,-0.036101458,-0.036101458,-0.036101458,-0.036101458,-0.036101458,-0.036101458,-0.036101458,-0.036101458,-0.036101458,-0.036101458,-0.036101458,-0.036101458,-0.036101458,-0.036101458,-0.036101458,-0.036101458,-0.036101458,-0.036101458,-0.036101458,-0.036101458,-0.036101458,-0.036101458,-0.036101458,-0.036101458,-0.036101458,-0.036101458,-0.036101458,-0.036101458
-0.103568301,-0.103568301,-0.103568301,-0.103568301,-0.103568301,-0.103568301,-0.103568301,-0.103568301,-0.103568301,-0.103568301,-0.103568301,-0.103568301,-0.103568301,-0.103568301,-0.103568301,-0.103568301,-0.103568301,-0.103568301,-0.103568301,-0.103568301,-0.103568301,-0.103568301,-0.103568301,-0.103568301,-0.103568301,-0.103568301,-0.103568301,-0.103568301,-0.103568301,-0.103568301,-0.103568301,-0.103568301,-0.103568301,-0.103568301,-0.103568301,-0.103568301,-0.103568301,-0.103568301,-0.103568301,-0.103568301,-0.103568301,-0.103568301,-0.103568301,-0.103568301,-0.103568301,-0.103568301,-0.103568301,-0.103568301,-0.103568301,-0.103568301,-0.103568301,-0.103568301,-0.103568301,-0.103568301,-0.103568301,-0.103568301,-0.103568301,-0.103568301,-0.103568301,-0.103568301,-0.103568301,-0.103568301,-0.103568301,-0.103568301,-0.103568301,-0.103568301,-0.103568301,-0.103568301,-0.103568301,-0.103568301,-0.103568301,-0.103568301,-0.103568301,-0.103568301,-0.103568301,-0.103568301,-0.103568301,-0.103568301,-0.103568301,-0.103568301,-0.103568301,-0.103568301
-0.034730916,-0.034730916,-0.034730916,-0.034730916,-0.034730916,-0.034730916,-0.034730916,-0.034730916,-0.034730916,-0.034730916,-0.034730916,-0.034730916,-0.034730916,-0.034730916,-0.034730916,-0.034730916,-0.034730916,-0.034730916,-0.034730916,-0.034730916,-0.034730916,-0.034730916,-0.034730916,-0.034730916,-0.034730916,-0.034730916,-0.034730916,-0.034730916,-0.034730916,-0.034730916,-0.034730916,-0.034730916,-0.034730916,-0.034730916,-0.034730916,-0.034730916,-0.034730916,-0.034730916,-0.034730916,-0.034730916,-0.034730916,-0.034730916,-0.034730916,-0.034730916,-0.034730916,-0.034730916,-0.034730916,-0.034730916,-0.034730916,-0.034730916,-0.034730916,-0.034730916,-0.034730916,-0.034730916,-0.034730916,-0.034730916,-0.034730916,-0.034730916,-0.034730916,-0.034730916,-0.034730916,-0.034730916,-0.034730916,-0.034730916,-0.034730916,-0.034730916,-0.034730916,-0.034730916,-0.034730916,-0.034730916,-0.034730916,-0.034730916,-0.034730916,-0.034730916,-0.034730916,-0.034730916,-0.034730916,-0.034730916,-0.034730916,-0.034730916,-0.034730916,-0.034730916
-0.039549301,-0.039549301,-0.039549301,-0.039549301,-0.039549301,-0.039549301,-0.039549301,-0.039549301,-0.039549301,-0.039549301,-0.039549301,-0.039549301,-0.039549301,-0.039549301,-0.039549301,-0.039549301,-0.039549301,-0.039549301,-0.039549301,-0.039549301,-0.039549301,-0.039549301,-0.039549301,-0.039549301,-0.039549301,-0.039549301,-0.039549301,-0.039549301,-0.039549301,-0.039549301,-0.039549301,-0.039549301,-0.039549301,-0.039549301,-0.039549301,-0.039549301,-0.039549301,-0.039549301,-0.039549301,-0.039549301,-0.039549301,-0.039549301,-0.039549301,-0.039549301,-0.039549301,-0.039549301,-0.039549301,-0.039549301,-0.039549301,-0.039549301,-0.039549301,-0.039549301,-0.039549301,-0.039549301,-0.039549301,-0.039549301,-0.039549301,-0.039549301,-0.039549301,-0.039549301,-0.039549301,-0.039549301,-0.039549301,-0.039549301,-0.039549301,-0.039549301,-0.039549301,-0.039549301,-0.039549301,-0.039549301,-0.039549301,-0.039549301,-0.039549301,-0.039549301,-0.039549301,-0.039549301,-0.039549301,-0.039549301,-0.039549301,-0.039549301,-0.039549301,-0.039549301
0.104476437,0.104476437,0.104476437,0.104476437,0.104476437,0.104476437,0.104476437,0.104476437,0.104476437,0.104476437,0.104476437,-0.01,-0.01,-0.01,-0.01,-0.01,-0.01,-0.01,-0.01,-0.01,-0.01,-0.01,-0.01,-0.01,-0.01,-0.01,-0.01,-0.01,-0.01,-0.01,-0.01,-0.01,-0.01,-0.01,-0.01,-0.01,-0.01,-0.01,-0.01,-0.01,-0.01,-0.01,-0.01,-0.01,-0.01,-0.01,-0.01,-0.01,-0.01,-0.01,-0.01,-0.01,-0.01,-0.01,-0.01,-0.01,-0.01,-0.01,-0.01,-0.01,-0.01,-0.01,-0.01,-0.01,-0.01,-0.01,-0.01,-0.01,-0.01,-0.01,-0.01,-0.01,-0.01,-0.01,-0.01,-0.01,-0.01,-0.01,-0.01,-0.01,-0.01,-0.01
-0.032612726,-0.032612726,-0.032612726,-0.032612726,-0.032612726,-0.032612726,-0.032612726,-0.032612726,-0.032612726,-0.032612726,-0.032612726,-0.032612726,-0.032612726,-0.032612726,-0.032612726,-0.032612726,-0.032612726,-0.032612726,-0.032612726,-0.032612726,-0.032612726,-0.032612726,-0.032612726,-0.032612726,-0.032612726,-0.032612726,-0.032612726,-0.032612726,-0.032612726,-0.032612726,-0.032612726,-0.032612726,-0.032612726,-0.032612726,-0.032612726,-0.032612726,-0.032612726,-0.032612726,-0.032612726,-0.032612726,-0.032612726,-0.032612726,-0.032612726,-0.032612726,-0.032612726,-0.032612726,-0.032612726,-0.032612726,-0.032612726,-0.032612726,-0.032612726,-0.032612726,-0.032612726,-0.032612726,-0.032612726,-0.032612726,-0.032612726,-0.032612726,-0.032612726,-0.032612726,-0.032612726,-0.032612726,-0.032612726,-0.032612726,-0.032612726,-0.032612726,-0.032612726,-0.032612726,-0.032612726,-0.032612726,-0.032612726,-0.032612726,-0.032612726,-0.032612726,-0.032612726,-0.032612726,-0.032612726,-0.032612726,-0.032612726,-0.032612726,-0.032612726,-0.032612726
-0.08585507,-0.08585507,-0.08585507,-0.08585507,-0.08585507,-0.08585507,-0.08585507,-0.08585507,-0.08585507,-0.08585507,-0.08585507,-0.08585507,-0.08585507,-0.08585507,-0.08585507,-0.08585507,-0.08585507,-0.08585507,-0.08585507,-0.08585507,-0.08585507,-0.08585507,-0.08585507,-0.08585507,-0.08585507,-0.08585507,-0.08585507,-0.08585507,-0.08585507,-0.08585507,-0.08585507,-0.08585507,-0.08585507,-0.08585507,-0.08585507,-0.08585507,-0.08585507,-0.08585507,-0.08585507,-0.08585507,-0.08585507,-0.08585507,-0.08585507,-0.08585507,-0.08585507,-0.08585507,-0.08585507,-0.08585507,-0.08585507,-0.08585507,-0.08585507,-0.08585507,-0.08585507,-0.08585507,-0.08585507,-0.08585507,-0.08585507,-0.08585507,-0.08585507,-0.08585507,-0.08585507,-0.08585507,-0.08585507,-0.08585507,-0.08585507,-0.08585507,-0.08585507,-0.08585507,-0.08585507,-0.08585507,-0.08585507,-0.08585507,-0.08585507,-0.08585507,-0.08585507,-0.08585507,-0.08585507,-0.08585507,-0.08585507,-0.08585507,-0.08585507,-0.08585507
-0.031272761,-0.031272761,-0.031272761,-0.031272761,-0.031272761,-0.031272761,-0.031272761,-0.031272761,-0.031272761,-0.031272761,-0.031272761,-0.031272761,-0.031272761,-0.031272761,-0.031272761,-0.031272761,-0.031272761,-0.031272761,-0.031272761,-0.031272761,-0.031272761,-0.031272761,-0.031272761,-0.031272761,-0.031272761,-0.031272761,-0.031272761,-0.031272761,-0.031272761,-0.031272761,-0.031272761,-0.031272761,-0.031272761,-0.031272761,-0.031272761,-0.031272761,-0.031272761,-0.031272761,-0.031272761,-0.031272761,-0.031272761,-0.031272761,-0.031272761,-0.031272761,-0.031272761,-0.031272761,-0.031272761,-0.031272761,-0.031272761,-0.031272761,-0.031272761,-0.031272761,-0.031272761,-0.031272761,-0.031272761,-0.031272761,-0.031272761,-0.031272761,-0.031272761,-0.031272761,-0.031272761,-0.031272761,-0.031272761,-0.031272761,-0.031272761,-0.031272761,-0.031272761,-0.031272761,-0.031272761,-0.031272761,-0.031272761,-0.031272761,-0.031272761,-0.031272761,-0.031272761,-0.031272761,-0.031272761,-0.031272761,-0.031272761,-0.031272761,-0.031272761,-0.031272761
-0.029388309,-0.029388309,-0.029388309,-0.029388309,-0.029388309,-0.029388309,-0.029388309,-0.029388309,-0.029388309,-0.029388309,-0.029388309,-0.029388309,-0.029388309,-0.029388309,-0.029388309,-0.029388309,-0.029388309,-0.029388309,-0.029388309,-0.029388309,-0.029388309,-0.029388309,-0.029388309,-0.029388309,-0.029388309,-0.029388309,-0.029388309,-0.029388309,-0.029388309,-0.029388309,-0.029388309,-0.029388309,-0.029388309,-0.029388309,-0.029388309,-0.029388309,-0.029388309,-0.029388309,-0.029388309,-0.029388309,-0.029388309,-0.029388309,-0.029388309,-0.029388309,-0.029388309,-0.029388309,-0.029388309,-0.029388309,-0.029388309,-0.029388309,-0.029388309,-0.029388309,-0.029388309,-0.029388309,-0.029388309,-0.029388309,-0.029388309,-0.029388309,-0.029388309,-0.029388309,-0.029388309,-0.029388309,-0.029388309,-0.029388309,-0.029388309,-0.029388309,-0.029388309,-0.029388309,-0.029388309,-0.029388309,-0.029388309,-0.029388309,-0.029388309,-0.029388309,-0.029388309,-0.029388309,-0.029388309,-0.029388309,-0.029388309,-0.029388309,-0.029388309,-0.029388309
-0.049402415,-0.049402415,-0.049402415,-0.049402415,-0.049402415,-0.049402415,-0.049402415,-0.049402415,-0.049402415,-0.049402415,-0.049402415,-0.049402415,-0.049402415,-0.049402415,-0.049402415,-0.049402415,-0.049402415,-0.049402415,-0.049402415,-0.049402415,-0.049402415,-0.049402415,-0.049402415,-0.049402415,-0.049402415,-0.049402415,-0.049402415,-0.049402415,-0.049402415,-0.049402415,-0.049402415,-0.049402415,-0.049402415,-0.049402415,-0.049402415,-0.049402415,-0.049402415,-0.049402415,-0.049402415,-0.049402415,-0.049402415,-0.049402415,-0.049402415,-0.049402415,-0.049402415,-0.049402415,-0.049402415,-0.049402415,-0.049402415,-0.049402415,-0.049402415,-0.049402415,-0.049402415,-0.049402415,-0.049402415,-0.049402415,-0.049402415,-0.049402415,-0.049402415,-0.049402415,-0.049402415,-0.049402415,-0.049402415,-0.049402415,-0.049402415,-0.049402415,-0.049402415,-0.049402415,-0.049402415,-0.049402415,-0.049402415,-0.049402415,-0.049402415,-0.049402415,-0.049402415,-0.049402415,-0.049402415,-0.049402415,-0.049402415,-0.049402415,-0.049402415,-0.049402415
-0.023401431,-0.023401431,-0.023401431,-0.023401431,-0.023401431,-0.023401431,-0.023401431,-0.023401431,-0.023401431,-0.023401431,-0.023401431,-0.023401431,-0.023401431,-0.023401431,-0.023401431,-0.023401431,-0.023401431,-0.023401431,-0.023401431,-0.023401431,-0.023401431,-0.023401431,-0.023401431,-0.023401431,-0.023401431,-0.023401431,-0.023401431,-0.023401431,-0.023401431,-0.023401431,-0.023401431,-0.023401431,-0.023401431,-0.023401431,-0.023401431,-0.023401431,-0.023401431,-0.023401431,-0.023401431,-0.023401431,-0.023401431,-0.023401431,-0.023401431,-0.023401431,-0.023401431,-0.023401431,-0.023401431,-0.023401431,-0.023401431,-0.023401431,-0.023401431,-0.023401431,-0.023401431,-0.023401431,-0.023401431,-0.023401431,-0.023401431,-0.023401431,-0.023401431,-0.023401431,-0.023401431,-0.023401431,-0.023401431,-0.023401431,-0.023401431,-0.023401431,-0.023401431,-0.023401431,-0.023401431,-0.023401431,-0.023401431,-0.023401431,-0.023401431,-0.023401431,-0.023401431,-0.023401431,-0.023401431,-0.023401431,-0.023401431,-0.023401431,-0.023401431,-0.023401431
-0.073089783,-0.073089783,-0.073089783,-0.073089783,-0.073089783,-0.073089783,-0.073089783,-0.073089783,-0.073089783,-0.073089783,-0.073089783,-0.073089783,-0.073089783,-0.073089783,-0.073089783,-0.073089783,-0.073089783,-0.073089783,-0.073089783,-0.073089783,-0.073089783,-0.073089783,-0.073089783,-0.073089783,-0.073089783,-0.073089783,-0.073089783,-0.073089783,-0.073089783,-0.073089783,-0.073089783,-0.073089783,-0.073089783,-0.073089783,-0.073089783,-0.073089783,-0.073089783,-0.073089783,-0.073089783,-0.073089783,-0.073089783,-0.073089783,-0.073089783,-0.073089783,-0.073089783,-0.073089783,-0.073089783,-0.073089783,-0.073089783,-0.073089783,-0.073089783,-0.073089783,-0.073089783,-0.073089783,-0.073089783,-0.073089783,-0.073089783,-0.073089783,-0.073089783,-0.073089783,-0.073089783,-0.073089783,-0.073089783,-0.073089783,-0.073089783,-0.073089783,-0.073089783,-0.073089783,-0.073089783,-0.073089783,-0.073089783,-0.073089783,-0.073089783,-0.073089783,-0.073089783,-0.073089783,-0.073089783,-0.073089783,-0.073089783,-0.073089783,-0.073089783,-0.073089783
-0.048836103,-0.048836103,-0.048836103,-0.048836103,-0.048836103,-0.048836103,-0.048836103,-0.048836103,-0.048836103,-0.048836103,-0.048836103,-0.048836103,-0.048836103,-0.048836103,-0.048836103,-0.048836103,-0.048836103,-0.048836103,-0.048836103,-0.048836103,-0.048836103,-0.048836103,-0.048836103,-0.048836103,-0.048836103,-0.048836103,-0.048836103,-0.048836103,-0.048836103,-0.048836103,-0.048836103,-0.048836103,-0.048836103,-0.048836103,-0.048836103,-0.048836103,-0.048836103,-0.048836103,-0.048836103,-0.048836103,-0.048836103,-0.048836103,-0.048836103,-0.048836103,-0.048836103,-0.048836103,-0.048836103,-0.048836103,-0.048836103,-0.048836103,-0.048836103,-0.048836103,-0.048836103,-0.048836103,-0.048836103,-0.048836103,-0.048836103,-0.048836103,-0.048836103,-0.048836103,-0.048836103,-0.048836103,-0.048836103,-0.048836103,-0.048836103,-0.048836103,-0.048836103,-0.048836103,-0.048836103,-0.048836103,-0.048836103,-0.048836103,-0.048836103,-0.048836103,-0.048836103,-0.048836103,-0.048836103,-0.048836103,-0.048836103,-0.048836103,-0.048836103,-0.048836103
-0.055372861,-0.055372861,-0.055372861,-0.055372861,-0.055372861,-0.055372861,-0.055372861,-0.055372861,-0.055372861,-0.055372861,-0.055372861,-0.055372861,-0.055372861,-0.055372861,-0.055372861,-0.055372861,-0.055372861,-0.055372861,-0.055372861,-0.055372861,-0.055372861,-0.055372861,-0.055372861,-0.055372861,-0.055372861,-0.055372861,-0.055372861,-0.055372861,-0.055372861,-0.055372861,-0.055372861,-0.055372861,-0.055372861,-0.055372861,-0.055372861,-0.055372861,-0.055372861,-0.055372861,-0.055372861,-0.055372861,-0.055372861,-0.055372861,-0.055372861,-0.055372861,-0.055372861,-0.055372861,-0.055372861,-0.055372861,-0.055372861,-0.055372861,-0.055372861,-0.055372861,-0.055372861,-0.055372861,-0.055372861,-0.055372861,-0.055372861,-0.055372861,-0.055372861,-0.055372861,-0.055372861,-0.055372861,-0.055372861,-0.055372861,-0.055372861,-0.055372861,-0.055372861,-0.055372861,-0.055372861,-0.055372861,-0.055372861,-0.055372861,-0.055372861,-0.055372861,-0.055372861,-0.055372861,-0.055372861,-0.055372861,-0.055372861,-0.055372861,-0.055372861,-0.055372861
-0.037970113,-0.037970113,-0.037970113,-0.037970113,-0.037970113,-0.037970113,-0.037970113,-0.037970113,-0.037970113,-0.037970113,-0.037970113,-0.037970113,-0.037970113,-0.037970113,-0.037970113,-0.037970113,-0.037970113,-0.037970113,-0.037970113,-0.037970113,-0.037970113,-0.037970113,-0.037970113,-0.037970113,-0.037970113,-0.037970113,-0.037970113,-0.037970113,-0.037970113,-0.037970113,-0.037970113,-0.037970113,-0.037970113,-0.037970113,-0.037970113,-0.037970113,-0.037970113,-0.037970113,-0.037970113,-0.037970113,-0.037970113,-0.037970113,-0.037970113,-0.037970113,-0.037970113,-0.037970113,-0.037970113,-0.037970113,-0.037970113,-0.037970113,-0.037970113,-0.037970113,-0.037970113,-0.037970113,-0.037970113,-0.037970113,-0.037970113,-0.037970113,-0.037970113,-0.037970113,-0.037970113,-0.037970113,-0.037970113,-0.037970113,-0.037970113,-0.037970113,-0.037970113,-0.037970113,-0.037970113,-0.037970113,-0.037970113,-0.037970113,-0.037970113,-0.037970113,-0.037970113,-0.037970113,-0.037970113,-0.037970113,-0.037970113,-0.037970113,-0.037970113,-0.037970113
-0.042251911,-0.042251911,-0.042251911,-0.042251911,-0.042251911,-0.042251911,-0.042251911,-0.042251911,-0.042251911,-0.042251911,-0.042251911,-0.042251911,-0.042251911,-0.042251911,-0.042251911,-0.042251911,-0.042251911,-0.042251911,-0.042251911,-0.042251911,-0.042251911,-0.042251911,-0.042251911,-0.042251911,-0.042251911,-0.042251911,-0.042251911,-0.042251911,-0.042251911,-0.042251911,-0.042251911,-0.042251911,-0.042251911,-0.042251911,-0.042251911,-0.042251911,-0.042251911,-0.042251911,-0.042251911,-0.042251911,-0.042251911,-0.042251911,-0.042251911,-0.042251911,-0.042251911,-0.042251911,-0.042251911,-0.042251911,-0.042251911,-0.042251911,-0.042251911,-0.042251911,-0.042251911,-0.042251911,-0.042251911,-0.042251911,-0.042251911,-0.042251911,-0.042251911,-0.042251911,-0.042251911,-0.042251911,-0.042251911,-0.042251911,-0.042251911,-0.042251911,-0.042251911,-0.042251911,-0.042251911,-0.042251911,-0.042251911,-0.042251911,-0.042251911,-0.042251911,-0.042251911,-0.042251911,-0.042251911,-0.042251911,-0.042251911,-0.042251911,-0.042251911,-0.042251911
-0.046847697,-0.046847697,-0.046847697,-0.046847697,-0.046847697,-0.046847697,-0.046847697,-0.046847697,-0.046847697,-0.046847697,-0.046847697,-0.046847697,-0.046847697,-0.046847697,-0.046847697,-0.046847697,-0.046847697,-0.046847697,-0.046847697,-0.046847697,-0.046847697,-0.046847697,-0.046847697,-0.046847697,-0.046847697,-0.046847697,-0.046847697,-0.046847697,-0.046847697,-0.046847697,-0.046847697,-0.046847697,-0.046847697,-0.046847697,-0.046847697,-0.046847697,-0.046847697,-0.046847697,-0.046847697,-0.046847697,-0.046847697,-0.046847697,-0.046847697,-0.046847697,-0.046847697,-0.046847697,-0.046847697,-0.046847697,-0.046847697,-0.046847697,-0.046847697,-0.046847697,-0.046847697,-0.046847697,-0.046847697,-0.046847697,-0.046847697,-0.046847697,-0.046847697,-0.046847697,-0.046847697,-0.046847697,-0.046847697,-0.046847697,-0.046847697,-0.046847697,-0.046847697,-0.046847697,-0.046847697,-0.046847697,-0.046847697,-0.046847697,-0.046847697,-0.046847697,-0.046847697,-0.046847697,-0.046847697,-0.046847697,-0.046847697,-0.046847697,-0.046847697,-0.046847697
-0.036500564,-0.036500564,-0.036500564,-0.036500564,-0.036500564,-0.036500564,-0.036500564,-0.036500564,-0.036500564,-0.036500564,-0.036500564,-0.036500564,-0.036500564,-0.036500564,-0.036500564,-0.036500564,-0.036500564,-0.036500564,-0.036500564,-0.036500564,-0.036500564,-0.036500564,-0.036500564,-0.036500564,-0.036500564,-0.036500564,-0.036500564,-0.036500564,-0.036500564,-0.036500564,-0.036500564,-0.036500564,-0.036500564,-0.036500564,-0.036500564,-0.036500564,-0.036500564,-0.036500564,-0.036500564,-0.036500564,-0.036500564,-0.036500564,-0.036500564,-0.036500564,-0.036500564,-0.036500564,-0.036500564,-0.036500564,-0.036500564,-0.036500564,-0.036500564,-0.036500564,-0.036500564,-0.036500564,-0.036500564,-0.036500564,-0.036500564,-0.036500564,-0.036500564,-0.036500564,-0.036500564,-0.036500564,-0.036500564,-0.036500564,-0.036500564,-0.036500564,-0.036500564,-0.036500564,-0.036500564,-0.036500564,-0.036500564,-0.036500564,-0.036500564,-0.036500564,-0.036500564,-0.036500564,-0.036500564,-0.036500564,-0.036500564,-0.036500564,-0.036500564,-0.036500564
-0.031385099,-0.031385099,-0.031385099,-0.031385099,-0.031385099,-0.031385099,-0.031385099,-0.031385099,-0.031385099,-0.031385099,-0.031385099,-0.031385099,-0.031385099,-0.031385099,-0.031385099,-0.031385099,-0.031385099,-0.031385099,-0.031385099,-0.031385099,-0.031385099,-0.031385099,-0.031385099,-0.031385099,-0.031385099,-0.031385099,-0.031385099,-0.031385099,-0.031385099,-0.031385099,-0.031385099,-0.031385099,-0.031385099,-0.031385099,-0.031385099,-0.031385099,-0.031385099,-0.031385099,-0.031385099,-0.031385099,-0.031385099,-0.031385099,-0.031385099,-0.031385099,-0.031385099,-0.031385099,-0.031385099,-0.031385099,-0.031385099,-0.031385099,-0.031385099,-0.031385099,-0.031385099,-0.031385099,-0.031385099,-0.031385099,-0.031385099,-0.031385099,-0.031385099,-0.031385099,-0.031385099,-0.031385099,-0.031385099,-0.031385099,-0.031385099,-0.031385099,-0.031385099,-0.031385099,-0.031385099,-0.031385099,-0.031385099,-0.031385099,-0.031385099,-0.031385099,-0.031385099,-0.031385099,-0.031385099,-0.031385099,-0.031385099,-0.031385099,-0.031385099,-0.031385099
